source_line_no,row_role,anchor_flags,anchor_group_id,original_row_hash,action,insert_after_line_no,review_notes,e_vol,e_p_start,e_p_end,book_no,chapter_no,section_no,subsection_no,book_no_gr,chapter_no_gr,subsection_no_gr,chapter_gr,section_gr,lemma_gr,var_par_prod_gr,entry_gr,lemma_en,var_par_prod_en,entry_en,cat,revised_e_vol,revised_e_p_start,revised_e_p_end,revised_book_no,revised_chapter_no,revised_section_no,revised_subsection_no,revised_book_no_gr,revised_chapter_no_gr,revised_subsection_no_gr,revised_chapter_gr,revised_section_gr,revised_lemma_gr,revised_var_par_prod_gr,revised_entry_gr,revised_lemma_en,revised_var_par_prod_en,revised_entry_en,revised_cat
305,CONTEXT,,,bc4247964cc821a0ccb6ca55e311158389a76043ccd6c80d6f248d481ed4af72,KEEP,,,1,243,243,2,175,,,β´,ροε´,,βατράχιον,,βατράχιον,"ἄνθη, ἄνθος, καυλοί, ῥίζα, φύλλα, ἄγριον, μικρόν, ξηρά","βατράχιον· οἱ δὲ σέλινον ἄγριον καλοῦσι. τούτου πλείονά ἐστιν εἴδη, δύναμις δὲ μία, δριμεῖα καὶ ἄγαν ἑλκωτικήἔχει δὲ τὸ μὲν αὐτῶν φύλλα ὅμοια κορίῳ, πλατύτερα δὲ καὶ ὑπόλευκα καὶ λιπαρά, ἄνθος μήλινον, ἐνίοτε δὲ πορφυροῦν, καυλὸν δ᾿ οὐ παχύν, ὕψος δὲ ὅσον πήχεως, ῥίζαν μικράν, λευκήν, πικράν, ἔχουσαν ἀποφύσεις ὡς ἐλλεβόρου· φύεται δὲ παρὰ ῥείθροις. ἔστι δὲ καὶ ἕτερον εἶδος χνοωδέστερον καὶ μακροκαυλότερον, ἐντομάς ἔχον πλείους τῶν φύλλων, πλεῖστον ἐν Σαρδονίᾳ γεννώμενον, δριμύτατον, δ δὴ καὶ σέλινον ἄγριον καλοῦσι· καὶ τρίτον σφόδρα μικρὸν καὶ δύσοσμον, τὸ ἄνθος χρυσῷ ὅμοιον· καὶ τέταρτον ἐοικὸς τούτῳ, ἄνθη γαλακτίζον. δύναμιν δὲ ἔχει τὰ φύλλα καὶ οἱ καυλοὶ καταπλασσόμενοι 2 ἁπαλοὶ ἑλκωτικὴν καὶ ἐσχαρωτικὴν μετὰ πόνου, ὅθεν ὄνυχας λεπροὺς καὶ ψώρας ἀφίστησι καὶ στίγματα ἐξαίρει καὶ μυρμηκίας καὶ ἀκροχορδόνας καὶ ἀλωπεκίας πρὸς ἀλίγον καταπλασθέντα· ἑψόμενα δὲ κατάντλημα χιμετλιώντων ἐστὶ χλιαρόν. ἡ δὲ ῥίζα πταρμὸν κινεῖ ξηρὰ λεία προσφερομένη τοῖς μυκτῆρσι, καὶ ὀδονταλγίας κουφίζει προσαπτομένη· θρύπτει μέντοι αὐτούς.",Ranunculus,,"1. Ranunculus; some call it selinon agrion. There are many kinds of this plant but they all have the same properties: they are sharp and highly ulcerative. One kind has leaves similar to the leaves of coriander, but wider, off-white, and greasy, a quince-yellow flower, although sometimes purple, a stem that is not thick, a cubit tall, and a small, white, and bitter root that has side-shoots just like the side­ shoots of hellebore. It grows near streams. There is also another kind that is downy, longer stemmed, and it has more notches on its leaves. It grows extensively in Sardinia and it is very sharp; they call this one selinon agrionAnd there is a third kind that is very small and ill smelling; its flower is like gold, and a fourth kind that resembles the last one, with flowers that seem milky. 2. Used as a plaster, the leaves and tender stems have painfully ulcerative and escharotic properties, wherefore they remove psoriatic nails and mange; plastered on for a short time, they get rid of marks, warts that spread under the skin, warts with thin necks, and bald spots; and after they have been boiled, their decoction is used warm to rinse chilblains. The root, dried, ground fine, and brought near the nostrils, provokes sneezing; it also relieves toothaches when used topically; but it does shatter the teeth.",,,,,,,,,,,,,,,,,,,,
306,CONTEXT,,,69115d117c67e0f91bdd40f26d1803d4eb3bc37d9d607f363ef040ca8a10753e,KEEP,,,1,244,245,2,176,,,β´,ροϛ´,,ἀνεμώνη,,ἀνεμώνη,"ἄνθη, ἄνθος, καυλοί, ῥίζα, φύλλα, χυλός, ἀγρία, ἥμερος, ῥοιάς, μείζων, ῥυπαρά","ἀνεμώνη, οἱ δὲ ἀργεμώνιον, οἱ δὲ ἠρέμιον καλοῦσι. δισσή, ἡ μὲν ἀγρία ἡ δὲ ἥμερος. καὶ τῆς ἡμέρου ἡ μέν τις φοινίκεα φέρει τὰ ἄνθη ἡ δὲ ὑπόλευκα, γαλακτίζοντα ἢ πορφυρᾶ. φύλλα δὲ κοριοειδῆ, λεπ\τοσχιδέστερα τὰ πρὸς τῇ γῇ, καυλία χνοώδη, λεπτά, ὑπὲρ ὧν τὰ ἄνθη ὥσπερ μήκωνος, καὶ μέσα κεφάλια μέλανα ἢ κυανίζοντα· ῥίζα κατὰ μέγεθος ἐλαίας ἢ μείζων, οἱονεὶ γόνασι διειλημμένη. ἡ δὲ ἀγρία κατὰ πάντα μείζων τῆς ἡμέρου καὶ τοῖς φύλλοις πλατυτέρα καὶ σκληροτέρα, καὶ τὴν κεφαλὴν ἐπιμηκεστέραν ἔχει, ἄνθος φοινικοῦν, ῥιζία λεπτὰ καὶ πλείω. ἡ δέ τις ἔχει φύλλα μέλανα, δριμυτέρα οὖσα. 2 δύναμιν δὲ ἔχουσι δριμεῖαν ἀμφότεραι, ὅθεν ὁ χυλὸς τῆς ῥίζης αὐτῶν ῥινὶ ἐγχυθεὶς πρὸς κεφαλῆς κάθαρσιν ἁρμόζει· καὶ μασηθεῖσα δὲ ἡ ῥίζα ἄγει φλέγμα, ἑψηθεῖσα δὲ ἐν γλυκεῖ καὶ καταπλασσομένη ὀφθαλμῶν φλεγμονὰς ἰᾶται καὶ τὰς ἐν ὀφθαλμοῖς οὐλὰς ἀποσμᾷ· ἀνακαθαίρει δε καὶ τὰ ῥυπαρὰ τῶν ἑλκῶν. τὰ δὲ φύλλα καὶ οἱ καυλοὶ συνεψηθέντα πτισάνη καὶ ἐσθιόμενα γάλα κατασπᾷ, ἐν προσθέτῳ δὲ ἔμμηνα ἄγει, καταπλασθέντα δὲ λέπρας ἀφίστησιν. ἔνιοι δὲ μὴ δυνάμενοι διορίζειν ἀπὸ τῆς ἀγρίας ἀνεμώνης 3 τὴν λεγομένην ἀργεμώνην καὶ τὴν ῥοιάδα μήκωνα, περὶ ἧς ἐν ταῖς μήκωσιν ἱστορήσομεν (IV 63), διὰ τὸ τῶν ἀνθῶν μόχρουν, φοινίκεον ὑπάρχον, πλανῶνται τὴν Εὐπατόριον ἀργεμώνην ὀνομάζοντες· πλὴν τῆς ἀργεμώνης ἧττον βαθὺ τὸ φοινικοῦν ἐστι καὶ τῆς ῥοιάδος· ὀψιαίτερον δὲ αὕτη καὶ ἡ ἀργεμώνη ἀνθοῦσι, καὶ ἡ μὲν ἀργεμώνη ὀπὸν ἀνίησι κροκίζοντα καὶ δριμὺν πρὸς τὴν γεῦσιν ἰσχυρῶς, ἡ δὲ ῥοιὰς λευκότερον καὶ δριμύν. ἀμφό τεραι δὲ μεταξὺ κεφάλιον μήκωνι ἀγρίᾳ παραπλήσιον ἔχουσι, πλὴν τὸ μὲν τῆς ἀργεμώνης ἄνωθεν ὑπόπλατυ, τὸ δὲ τῆς ῥοιάδος ὑπόστενον. αἱ δὲ ἀνεμῶναι οὔτε ὀπὸν ἀνιᾶσιν οὔτε κωδύαν ἔχουσιν ἀλλ᾿ οἱονεὶ ἀσπαράγου ἄκρον, ἐν ἀρούραις τε τὸ πλεῖον ἐκεῖναι φύονται.",Poppy anemone,,"1. The poppy anemone: some call it argemonion and some eremion. It is of two kinds: one kind is wild^'* and the other cultivated. And of the %%See Dsc. II, n. 37. This is the scarlet windflower, A. fulgens which J. Berendes, p. 252, identifies as A. cultivated, some have red flowers and others whitish, somewhat milky in appearance or purple. It has leaves like those of coriander, the ones towards the ground having rather narrow slits, little stems that are downy and thin, on top of which the flowers are as of the poppy, and the center of the little heads are black or dark in color; the root is about as big as an olive or bigger, divided at intervals as if by joints. The wild is in every respect larger than the cultivated; not only does it have leaves that are broader and tougher but it also has a more oblong head; it has a red flower and many delicate rootlets. And there is one with darker leaves,^^ which is sharper. 2. Both kinds have a sharp property, wherefore the juice of their root when instilled into the nostrils is suitable for clearing the head; also when chewed, the root brings up phlegm; boiled in grape syrup and used as a plaster, it treats inflammations of the eyes and wipes off eye scars; it also cleanses the sordid elements of sores. Both the leaves and stems boiled together with barley gruel and eaten draw forth milk; used in a pessary, they draw down the menses and when plastered on they remove leprosies. 3. Some people, however, being unable of distinguish from the wild poppy anemone the so called wind-rose^’’ and the com poppy— regarding the latter we shall report in the chapter on poppies (IV, 63) —because their flowers are of the same red, mistakenly call the wind­ rose poppy anemone. But the red color of the wind-rose is less deep as is also the red of the com poppy; both it and the wind-rose bloom later; also, the wind-rose yields juice that is saffron-colored and very sharp in taste but the juice of the com poppy is whiter and sharp. Both have in the middle a little head veiy nearly like that of the wild poppy, except that the head of wind-rose is somewhat broad on top and that of the com poppy somewhat narrow. But poppy anemones neither yield juice nor have capsules, but a tip like that of asparagus, and for the most part those grow in fields. hortensis. J. Berendes, p. 253, identifies this as Anemone apennina. dpytpojvi'l, Papaver argenone L. See Dsc. 11, 177, below.",,,,,,,,,,,,,,,,,,,,
307,ANCHOR,RV_ENTRY_GR,RV_ENTRY_GR__line_307,3c52628f1f3c6132c9a8aa1d4cf484fe51400ac3660f9a4e51953ac5ac1954dc,KEEP,,,1,246,246,2,177,,,β´,ροζ´,,ἀργεμώνη,,ἀργεμώνη,"ἄνθος, φύλλα, φύλλον, ἀγρία","ἀργεμώνη· ὅλον μέν ἐστιν ὅμοιον ἀγρίᾳ μήκωνι, τὸ δὲ φύλλον ἀνεμώνῃ ἔχει ὅμοιον, ἐσχισμένον, ἄνθος φοινικοῦν, κεφαλὴν δὲ ἐοικυῖαν μήκωνι ῥοιάδι, ἐπιμηκεστέραν δὲ καὶ πλατεῖαν κατὰ τὰ ἄνωθεν μέρη, ῥίζαν στρογγύλην· ὀπὸν δὲ ἀνίησι κροκίζοντα, δριμύν. καθαίρει δὲ ἄργεμα καὶ νεφέλια, καὶ φλεγμονὰς παρηγορεῖ τὰ φύλλα καταπλασσόμενα. [17]8 RV: ἀργεμώνη ἑτέρα· οἱ δὲ ἀργεμώνην ἄρσενα, οἱ δὲ σαρκοκόλλαν, Ῥωμαῖοι ἀργεμώνιαμ· καὶ αὕτη παρέοικε μὲν ἀγρίᾳ μήκωνι τοῖς φύλλοις. δύναμιν δὲ ἔχει αὕτη χλωρὰ τριβομένη λεία καὶ ἐπιτιθεμένη διακοπὰς θεραπεύειν καὶ ὀφθαλμῶν φλεγμονὰς παύειν· ἁρμόζει δὲ καὶ δυσεντερικοῖς σὺν ὕδατι πινομένη, κολλητική τε τραυμάτων καὶ φλεγμονῶν ἐστιν εὔθετος, ὡσαύτως ἐπιτιθεμένη σπασμάτων καὶ τιλμάτων ἐστὶ θεραπευτική· ἁρμόζει καὶ θηριοδήκτος σὺν οἴνῳ [πινομένη.]",Wind-rose,,"The-wind rose: generally speaking, it is like a wild poppy, but its leaf is similar to the leaf of poppy anemone and it is split; its flower is red, the head resembles a com poppy, but it is more elongated and broad at the upper parts, and it has a round root; it yields juice that is saffron­ colored and pungent. It clears albugo and cloud-like opacities in the eyes, and when plastered on the leaves soothe inflammations.",,,,,,,,,,,,,,,,,,,,
308,ANCHOR,DUP_BOOK_CHAPTER_KEY|DUP_ENTRY_GR|DUP_ENTRY_GR_META_MISMATCH,DUP_ENTRY_GR__dec17f1578f3|DUP_KEY__2__178____,097411e4cb163aeb9b7482a9cbd94b997e814d23b2a158c834945cf540f79fc9,KEEP,,,1,247,248,2,178,,,β´,ροη´,,ἀργεμώνη ἑτέρα,,ἀργεμώνη ἑτέρα,"ἄνθος, χυλός, ἄρρην","ἀναγαλλίς, οἱ δὲ κιχόριον καλοῦσι· διττόν ἐστιν εῖδος αὐτῆς, διαφέρον ἄνθει· ἡ μὲν γὰρ κυάνεον ἔχουσα τὸ ἄνθος θήλεια λέγεται ἡ δὲ τὸ φοινικοῦν ἄρρην. θαμνία δέ ἐστι κεχυμένα ἐπὶ γῆς, φυλλάρια ἔχοντα ἐπὶ τετραγώνων καυλῶν μικρά, ὑποστρόγγυλα, πρὸς τὰ τῆς ἑλξίνης, καρπὸν δὲ περιφερῆ. εἰσὶ δ᾿ ἀμφότεραι τραυματικαί, ἀφλέγμαντοι, σκολόπων ἐπισπαστικαί, νομῶν ἐφεκτικαί. 2 ὁ δὲ χυλὸς αὐτῶν ἀναγαργαριζόμενος ἀποφλεγματίζει κεφαλὴν καὶ ῥισὶν ἔγχυτός ἐστι καὶ ὀδόντος πόνον παύει, ἐὰν εἰς τὸν ἀντικείμενον μυξωτῆρα τῷ ἀλγοῦντι ἐγχέῃς· καθαίρει δὲ καὶ ἄργεμα μετὰ μέλιτος Ἀττικοῦ καὶ ἀμβλυωπίαις βοηθεῖ, ὠφελεῖ καὶ ἐχεοδήκτους μετ᾿ οἴνου πινόμενος καὶ νεφριτικοὺς καὶ ἡπατικούς καὶ ὑδρωπιῶντας. φασὶ δ᾿ ἔνιοι τὴν μὲν ἔχουσαν τὸ κυανοῦν ἄνθος προπτώσεις δακτυλίου στέλλειν, τὴν δὲ τὸ φοινικοῦν ἐρεθίζειν καταπλασθεῖσαν.",Pimpernel,,"1. The pimpernel, but some call it cichorion. There are two kinds of this plant differing in their flower; for the one with a dark-blue flower is called female and the other with the red flower male. They are little shrubs, heaped on the ground, having small, somewhat round leaflets on four-cornered stems, tending toward the leaves of helxine~''’ and fruit that is round. Both kinds are used for wounds, they relieve inflammations, they extract splinters, and they are able to check spreading ulcers. 2. Their juice, used as a gargle, purges phlegm from the head; it is also infused into the nostrils; additionally, it stops a toothache if you should pour it into the nostril above the aching tooth. With Attic honey, it also clears albugo and it helps for dim-sightedness; when drunk with wine it is beneficial for viper bites, kidney disease, liver disease, and edemata. Some say that the one that has the dark-blue flowers stems prolapses of the anus when applied as a plaster and that the red-flowered aggravates them.",,,,,,,,,,,,,,,,,,,,
309,ANCHOR,DUP_BOOK_CHAPTER_KEY|DUP_ENTRY_GR|DUP_ENTRY_GR_META_MISMATCH,DUP_ENTRY_GR__dec17f1578f3|DUP_KEY__2__178____,7cba8f9bdc4b465c339b0833299b7aa10f2e53325a5e2afa56f28696bcb93d15,KEEP,,,1,247,248,2,178,,,β´,ροη´,,ἀναγαλλίς,,ἀναγαλλίς,"ἄνθος, χυλός, ἄρρην","ἀναγαλλίς, οἱ δὲ κιχόριον καλοῦσι· διττόν ἐστιν εῖδος αὐτῆς, διαφέρον ἄνθει· ἡ μὲν γὰρ κυάνεον ἔχουσα τὸ ἄνθος θήλεια λέγεται ἡ δὲ τὸ φοινικοῦν ἄρρην. θαμνία δέ ἐστι κεχυμένα ἐπὶ γῆς, φυλλάρια ἔχοντα ἐπὶ τετραγώνων καυλῶν μικρά, ὑποστρόγγυλα, πρὸς τὰ τῆς ἑλξίνης, καρπὸν δὲ περιφερῆ. εἰσὶ δ᾿ ἀμφότεραι τραυματικαί, ἀφλέγμαντοι, σκολόπων ἐπισπαστικαί, νομῶν ἐφεκτικαί. 2 ὁ δὲ χυλὸς αὐτῶν ἀναγαργαριζόμενος ἀποφλεγματίζει κεφαλὴν καὶ ῥισὶν ἔγχυτός ἐστι καὶ ὀδόντος πόνον παύει, ἐὰν εἰς τὸν ἀντικείμενον μυξωτῆρα τῷ ἀλγοῦντι ἐγχέῃς· καθαίρει δὲ καὶ ἄργεμα μετὰ μέλιτος Ἀττικοῦ καὶ ἀμβλυωπίαις βοηθεῖ, ὠφελεῖ καὶ ἐχεοδήκτους μετ᾿ οἴνου πινόμενος καὶ νεφριτικοὺς καὶ ἡπατικούς καὶ ὑδρωπιῶντας. φασὶ δ᾿ ἔνιοι τὴν μὲν ἔχουσαν τὸ κυανοῦν ἄνθος προπτώσεις δακτυλίου στέλλειν, τὴν δὲ τὸ φοινικοῦν ἐρεθίζειν καταπλασθεῖσαν.",Ivy,,"1. The ivy has many characteristics that distinguish one species from the next, but the,principal characteristics are three; there is one kind called white, another black, and another spiral. And the white has ” %%In Dsc. Bk. IV, 39 and Bk. IV, 85, two different plants called helxine are discussed. The one in Bk. IV, 39 is the bindweed. Convolvulus arvensis. The plant of Bk. TV, 85 is pellitory, Parietaria officinalis. Compare also the description in Bk. TV, 85 with that of Bk. II, 183. white fruit, the black has black or saffron-colored fruit, which some call Dionysian, and the spiral not only does not bear fruit, but it also has delicate twigs as well as delicate, angular, and graceful leaves. All ivies are pungent, astringent, and act on the nervous system. A pinch of their flowers'^ drunk with wine is good for dysentery, but one must take the drink twice a day; they are also suitable for bums when triturated with a cerate. 2. The leaves that are tender, boiled with vinegar or triturated raw, treat the spleen; the juice of the leaves and of the berry clusters is poured into the nose with unguent of iris or honey or soda for chronic headaches; it is also sprinkled on the head with vinegar and unguent of roses, and with olive oil it treats purulent ears. But the juice of the leaves of the black ivy and of its berry clusters when drunk cause sterility, and if consumed to excess confuse the mind; five of the berries triturated, heated with unguent of roses in the shell of a pomegranate, and instilled into the ear on the opposite side of an aching tooth, assuage the toothache and the berries also dye hair black. 3. The leaves boiled in wine are applied as a poultice on every kind of sore, and when plastered on boiled, as indicated, treat bums, malignancies, and freckles. The berries, ground up and drunk or burned so as to produce smoke from below, set the menses going and an amount of one drachma taken in a drink at the end of the menstrual period causes barrenness. The leafstalk, too, smeared with honey and placed in the uterus, draws menstrual period and embryos/fetuses, and the juice when instilled clears off the bad smells and putrid humors of the nostrils. Its sap when smeared on thins the hair and destroys lice, and the juice of the roots when drunk with vinegar helps those bitten by venomous spiders.",,,,,,,,,,,,,,,,,,,,
310,CONTEXT,,,955eeae6bac0d4684fa2cf115c8732ea810f498fe745e6bbfeac58a12ab6e2fc,KEEP,,,1,249,250,2,179,,,β´,ροθ´,,κισσὸς,,κισσὸς,"ἄνθη, δάκρυον, μήτρα, φύλλα, ὦτα, κηρωτή, χυλός, λευκόν, λευκός, μέλας, σφαιρία","κισσὸς πολλὰς ἔχει διαφορὰς τὰς κατ᾿ εἶδος, τὰς δὲ γενικωτάτας τρεῖς· λέγεται γὰρ ὁ μέν τις λευκὸς ὁ δὲ μέλας ὁ δὲ ἕλιξ. καὶ ὁ μὲν λευκὸς λευκὸν φέρει καρπόν, ὁ δὲ μέλας μέλανα ἢ κροκίζοντα, δν δὴ ἔνιοι Διονύσιον καλοῦσιν, ὁ δὲ ἕλιξ ἄκαρπός τέ ἐστι καὶ λεπτὰ ἔχει τὰ κλήματα καὶ τὰ φύλλα λεπτά, γωνιοειδῆ, εὔρυθμα. πᾶς δὲ κισσὸς δριμύς ἐστι, στυπτικός, τοῦ νευρώδους ἁπτικός. ποιεῖ δὲ τὰ μὲν ἄνθη αὐτοῦ τοῖς τρισὶ δακτύλοις λημφθέντα καὶ ποθέντα σὺν οἴνῳ πρὸς δυσεντερίας· δὶς δὲ δεῖ τῆς ἡμέρας πίνειν· καὶ πρὸς πυρίκαυτα δὲ ἁρμόζει σὺν κηρωτῇ λειανθέντα. τὰ δὲ ἁπαλὰ τῶν φύλλων ἑψόμενα σὺν ὄξει ἢ ὠμὰ λειαινόμενα 2 σπλῆνα ἰᾶται· ῥινεγχυτοῦται δὲ ὁ χυλὸς τῶν φύλλων καὶ τῶν κορύμβων σὺν ἰρίνῳ ἢ μέλιτι ἢ νίτρῳ πρὸς τὰ χρόνια τῆς κεφαλῆς ἀλγήματα καὶ ἐπιβρέχεται σὺν ὄξει καὶ ῥοδίνῳ, ὠταλγίας τε καὶ πυορροοῦντα ὦτα σὺν ἐλαίῳ ἰᾶται. τοῦ δὲ μέλανος κισσοῦ ὁ χυλὸς καὶ οἱ κόρυμβοι ποθέντες ἀγονίαν ποιοῦσι, καὶ ταράσσουσι τὴν διάνοιαν πλεονασθέντες· λεανθέντα δὲ σφαιρία πέντε τῶν κορύμβων καὶ θερμανθέντα σὺν ῥοδίνῳ ἐν σιδίῳ καὶ ἐνσταχθέντα εἰς τὸ ἀντικείμενον οὖς ἐπὶ ὀδονταλγίας τὸ ἄλγημα πραύνει, μελαίνουσι δὲ καὶ τρίχας οἱ κόρυμβοι. καταπλάσσεται 3 δὲ τὰ φύλλα πρὸς πᾶν ἕλκος ἑψηθέντα σὺν οἴνῳ, καὶ κατακαύματα καὶ κακοήθη καὶ ἐφηλίδας θεραπεύει καταπλασθέντα, ὡς προείρηται, ἑχθά, κινοῦσι δὲ καὶ καταμήνια ποθέντες ἥ ὑποθυμιαθέντες οἰ κόρυμβοι λεῖοι, καὶ ποθέντες δὲ μετὰ τὴν κάθαρσιν δραχμῆς πλῆθος ἀτόκιόν ἐστι. καὶ ὁ μόσχος δὲ τῶν φύλλων μέλιτι δευθεὶς καὶ προστεθεὶς τῇ μήτρᾳ ἔμμηνα καὶ ἔμβρυα ἄγει, ὁ δὲ χυλὸς ἐνσταζόμενος τὰς ἐν ῥώθωσι δυσωδίας καὶ σηπεδόνας ἐκκαθαίρει. τὸ δὲ δάκρυον αὐτοῦ ψιλοῖ τρίχας καὶ φθεῖρας κτείνει ἐπαλειφόμενον, ὁ δὲ τῶν ῥιζῶν χυλὸς σὺν ὄξει ποθεὶς φαλαγγιοδήκτοις βοηθεῖ.",Celandine,,"1. The celandine: some call this plant othonna and others crimnon. It has a thin stem, about a cubit tall or even taller that has offshoots full of leaves like those of ranunculus; the leaves of celandine, however, are tender and somewhat grey in color; also along each leaf there is a %%The 'pinch' here is defined by “the flowers one can pick up using three fingers.” flower as of the gillyflower. The juice is saffron-colored, sharp, somewhat biting, bitter, and foul smelling. The root in the upper part is single, but in the lower multiple. The fruit is like that of the homed poppy, delicate, long like a cone, containing little seeds bigger than the poppy’s. 2. Its juice, mixed with honey and boiled in a brazen cauldron over coals, is good for sharpening the vision; at the beginning of the summer, the root, leaves, and frait are converted into juice; it is then dried in the shade, and molded. Drunk with anise and white wine, the root treats people who have jaundice; plastered on with wine it treats shingles and when chewed it stops toothaches. It seems that it was named chelidonion'^ because it grows when the swallows appear and withers when they leave. Some have also reported that should any of the fledglings of a swallow be blind, mother swallows in offering this herb cure its blindness.",,,,,,,,,,,,,,,,,,,,
311,CONTEXT,,,05553c1208679c8ca10d7112c651464d2b89b384b86b719c39bea5a28e7729a0,KEEP,,,1,251,251,2,180,,,β´,ρπ´,,χελιδόνιον μέγα,,χελιδόνιον μέγα,"ἄνθος, καρπός, ῥίζα, σπερμάτια, φύλλα, φύλλον, χυλός, μέγα","χελιδόνιον μέγα· οἱ δὲ ὀθόνναν καλοῦσιν, οἱ δὲ κρίνον. καυλὸν ἔχει πηχυαῖον ἢ καὶ μείζονα, ἰσχνόν, ἔχοντα παραφυάδας φύλλων μεστάς, ὁμοίων βατραχίῳ, τρυφερώτερα μέντοι τὰ τοῦ χελιδονίου καὶ ὑπόγλαυκα τὴν χρόαν, καὶ παῤ ἕκαστον φύλλον ἄνθος ὥσπερ τοῦ λευκοίου· χυλὸς δὲ κροκώδης, δριμύς, δηκτικὸς ποσῶς καὶ ὑπόπικρος καὶ δυσώδης· ῥίζα ἄνωθεν μέν ἐστι μία, κάτωθεν δὲ πλείονες. καρπὸς δ᾿ ὥσπερ τῆς κερατίτιδος μήκωνος λεπτός, μακρὸς ὡς κῶνος, ἐν ᾧ σπερμάτια μείζονα μήκωνος. ταύτης ὁ χυλὸς μιγεὶς μέλιτι καὶ ἑψηθεὶς ἐν χαλκῷ ἀγγείῳ γείῳ> ἐπ᾿ ἄνθρακος ἁρμόζει πρὸς ὀξυωπίαν· χυλίζεται δὲ καὶ ἡ ῥίζα καὶ τὰ φύλλα καὶ ὁ καρπὸς ἀρχομένου θέρους καὶ ξηραίνεται ἐν σκιᾷ καὶ ἀναπλάσσεται. ἡ δὲ ῥίζα πινομένη σὺν ἀνήσσῳ καὶ οἴνῳ λευκῷ ἰκτερικούς θεραπεύει, καὶ ἕρπητας καταπλασσομένη: σὺν οἴνῳ, καὶ ὀδονταλγίας δὲ παύει διαμασωμένη. δοκεῖ δὲ κατωνομάσθαι χελιδόνιον, ἐπειδήπερ ἅμα ταῖς χελιδόσι φαινομέναις φύεται, ληγούσαις δὲ συμπαρακμάζει. τινὲς δὲ προσιστόρησαν ὅτι, ἐάν τις τυφλωθῇ τῶν τῆς χελιδόνος νεοσσῶν, αἱ μητέρες προσφέρουσαι τὴν πόαν ἰῶνται τὴν πήρωσιν αὐτοῦ.",Pilewort,,"The pilewort: some call it pyros agrios. It is a small herb, hanging loose from leafstalks, stemless, enveloped by ivy-like leaves, but rounder, smaller, tenderer, and less shiny. It has many small roots coming out of the same place like wheat that has been heaped up together; there are three or four of them that grow long. It grows near waters and marshlands. It has a sharp property, nearly resembling that of poppy anemone, ulcerating the skin, and it removes the mange and nails affected by psoriasis. Juice extracted from the root is useful for pouring into the nose with honey to purge the head.",,,,,,,,,,,,,,,,,,,,
377,CONTEXT,,,764edfe6da81c8e60e49ec730a87ffca8062915f90c63c0648b1a693da67a6a4,KEEP,,,2,73,73,3,61,,,γ´,ξα´,,ἕτερον γένος ἀγρίου κυμίνου,,ἕτερον γένος ἀγρίου κυμίνου,σπέρμα,"ἐστι δὲ καὶ ἕτερον γένος ἀγρίου κυμίνου, ἐμφερὲς τῷ ἡμέρῳ· ἐξ ἑκάστου δὲ ἄνθους ἀφίησι κεράτια μετέωρα, ἐν οἷς ἐστι σπέρμα ὅμοιον μελανθίῳ. τοῦτο πινόμενον πρὸς ἑρπετοδήκτους ἄριστον ἀλέξημα· βοηθεῖ καὶ στραγγουριῶσι καὶ λιθιῶσι καὶ αἵματος θρόμβους οὐροῦσιν· ἐπιπινέτωσαν δὲ σελίνου σπέρμα.",Another kind of wild cumin,,"There is also another kind of wild cumin that resembles the cultivated. It sends out from each flower little horns that float in the air and that contain seed like black cumin. When drunk, this is an excellent defense against bites of reptiles. It helps those who suffer from strangury, from stones, and those who pass clots of blood with their urine. But they should drink afterwards celery seed.",,,,,,,,,,,,,,,,,,,,
378,CONTEXT,,,90f513c8d1cb02b06d0df92ef17db61275a12fdf25afe15ebd08d210c2bfe5e7,KEEP,,,2,74,74,3,62,,,γ´,ξβ´,,ἄμι,,ἄμι,,"ἄμι· ἔνιοι καὶ τοῦτο Αἰθιοπικόν, οἱ δὲ βασιλικὸν κύμινον καλοῦσιν, ἔνιοι δὲ ἑτέρας φύσεως τὸ Αἰθιοπικὸν κύμινον ἔλεξαν εἶναι καὶ ἑτέρας τὸ ἄμι. γνώριμον δὲ τὸ σπερμάτιον, μικρότερον πολλῷ τοῦ κυμίνου, ὀριγανίζον τῇ γεύσει. ἐκλέγου δὲ τὸ καθαρὸν καὶ μὴ πιτυρῶδες. δύναμιν ἔχει καὶ τοῦτο θερμαντικήν, πυρωτικήν, ξηραντικήν, ποιοῦσαν πρὸς στρόφους, δυσουρίας, θηριοδήκτους πινόμενον σὺν οἴνῳ. ἄγει δὲ καὶ ἔμμηνα μείγνυται καὶ τοῖς διὰ 2 κανθαρίδος ἐκδορίοις πρὸς τὸ ἀντιπάσχειν ταῖς ἐπιγινομέναις δυσουρίαις, καὶ ὑπώπια καταπλασθὲν σὺν μέλιτι αἴρει· τρέπει δὲ καὶ χρόαν πινόμενον καὶ συγχριόμενον ἐπὶ τὸ χλωρότερον· μετὰ δὲ σταφίδος ίδος ἢ ῥητίνης ὑποθυμιώμενον ὑστέραν ἀποκαθαίρει.",Ajowan,,"1. Ajowan: some call this one also Ethiopian cumin and others call it royal cumin, but some said that Ethiopian cumin is of one nature and ajowan of another. Its seedlet is well known, being a great deal smaller than the seed of cumin and tasting like oregano. Choose that which is clean and not chaffy. This one also has warming, heating, and drying properties, operating on colic, difficult micturition, and on animal bites when drunk with wine. 2. It also draws down the menses; it is mixed with exfoliating medications made from blister beetles to counteract the ensuing dysurias and it removes black eye when smeared on with honey. When drunk and when anointed, it also changes skin to a paler color, and when burned from below with raisins and pine resin as to make a thick smoke it cleanses the uterus.",,,,,,,,,,,,,,,,,,,,
379,ANCHOR,RV_ENTRY_GR,RV_ENTRY_GR__line_379,e3e7ebdeeb46b73978f86564de4e0b1025d1d4f41090a4c06beb14a5701f22f3,KEEP,,,2,75,75,3,63,,,γ´,ξγ´,,κόριον,,κόριον,"ἄνθη, σπέρμα, φύλλα, χυλός, ἄγριον, πόα, μέγα, μικρόν","κόριον· ψυκτικὴν ἔχει δύναμιν, ὅθεν καταπλασσόμενον μετὰ ἄρτου ἢ ἀλφίτου ἐρυσιπέλατα καὶ ἔρπητας ἰᾶται, σὺν μέλιτι δὲ καὶ σταφίδι ἐπινυκτίδας καὶ διδύμων φλεγμονὰς καὶ ἴνθρακας θεραπεύει, μετὰ ἐρεγμοῦ δὲ χοιράδας καὶ φύματα διαλύει. τὸ δὲ σπέρμα ὀλίγον μὲν μετὰ γλυκέος ποθὲν ἕλμινθας ἐκβάλλει καὶ σπέρματός ἐστι γεννητικόν, πλεῖον δὲ ληφθὲν κινεῖ τὴν διάνοιαν ἐπικινδύνως, ὅθεν δεῖ φυλάσσεσθαι τὴν πλείονα καὶ συνεχῆ πόσιν αὐτοῦ. ὁ δὲ χυλὸς σὺν ψιμυθίῳ ἡ λιθαργύρῳ καὶ ὄξει καὶ ῥοδίνῳ καταχριόμενος ὠφελεῖ τὰς κατὰ τὴν ἐπιφάνειαν φλεγμονάς τὰς πυρώδεις. [64] RV: ἱεράκιον τὸ μέγα· οἱ δὲ σογχίτην, Ῥωμαῖοι λαπτούκα ἠρράτικα, Ἄφροι σιθιλεσαδέ. καυλὸν ἀνίησιν ὑπέρυθρον, τραχύν, ἀκανθώδη, ὑπόκενον, φύλλα δὲ ἔχει ἐκ διαστημάτων ἐπεσχισμένα ἀραιῶς, σόγχῳ ἐμφερῆ τὴν περιφέρειαν, ἄνθη μήλινα ἐν κεφαλίοις ὑπομήκεσιν. δύναμιν δὲ ἔχει ψυκτικήν, μετρίως ὑποστύφουσαν, ὅθεν στομάχῳ καυσουμένῳ καὶ φλεγμοναῖς καταπλασσόμενον ἁρμόζει. ὁ δὲ χυλὸς καταρροφούμενος δηγμὸν στομάχου πραΰνει, ἡ 2 δὲ πόα σὺν τῇ ῥίζῃ καταπλασθεῖσα σκορπιοπλήκτοις ἀρήγει. ἱεράκιον τὸ μικρόν· οἱ δὲ καὶ τοῦτο σογχίτην καλοῦσιν, οἱ δὲ ἔντυβον ἄγριον, Ῥωμαῖοι ἴντουβουμ ἀγρέστεμ, Ἄφροι σιθιλεσαδέ. φύλλα ἔχει καὶ αὐτὸ ἐκ διαστημάτων ἐπεσχισμένα τὴν περιφέρειαν, καυλία δὲ ἀνίησι τρυφερὰ καὶ χλωρά, ἐν οἷς ἄνθη μήλινα, κύκλον περιγράφοντα. δύναμιν δὲ ἔχει καὶ αὐτὸ τὴν αὐτὴν τῷ [προειρημένῳ.]",Coriander,,"Coriander: it has a cooling property, wherefore, when plastered on with bread or barley groats, it cures erysipelas and shingles; with honey and raisins, it treats pustules that are most painful at night, testicular inflammations, and carbuncles, and with bruised com it dissolves scrofulous swellings of the glands and tumors. A small quantity of its seed drunk with grape-syrup expels intestinal worms and furthers the production of semen, but if too much is taken, it dangerously disturbs the thinking process; this is why one must guard against drinking it to excess and continuously. Anointed with white lead'’\"" or with litharge, and with vinegar and unguent of roses, the juice benefits surface tumors that are inflamed.",,,,,,,,,,,,,,,,,,,,
380,CONTEXT,,,eef9e1d887f994b2736fd02dc0b82f14e5e0776e0da35e141d70ef5753aee092,KEEP,,,2,76,76,3,64,,,γ´,ξδ´,,σέλινον κηπαῖον,,σέλινον κηπαῖον,"σπέρμα, ἀφέψημα, κηπαῖον, πόα","σέλινον κηπαῖον· ἁρμόζει ἡ πόα πρὸς ἃ καὶ τὸ κόριον καὶ πρὸς ἀφθαλμῶν φλεγμονὰς μετʼ ἄρτου ἢ πάλης ἀλφίτου καταπλασσόμενον καὶ καῦσον στομάχου παρηγορεῖ μασιούς τε χονδριῶντας ἀνίησι, κινεῖ τε οὗρα ὠμόν τε καὶ ἐφθὸν βρωθέν· καὶ τὸ ἀφέψημα δὲ αὐτοῦ καὶ τῶν ῥιζῶν πινόμενον ἀντιπάσχει θανασίμοις φαρμάκοις καὶ ἐμέτους κινεῖ κοιλίαν τε ἐπέχει. 2 τὸ δὲ σπέρμα ἐστὶν οὐρητικώτερον, βοηθοῦν καὶ θηριοδήκτοις καὶ τοῖς λιθάργυρον πεπωκόσι πνευμάτων τέ ἐστι διαλυτικόν· μείγνυται δὲ καὶ ἀνωδύνοις καὶ θηριακαῖς καὶ βηχικαῖς χρησίμως. καὶ τὸ ἐλεοσέλινον δὲ τὸ γεννώμενον ἐν τοῖς ἐφύδροις τόποις, μεῖζον ὂν τοῦ ἡμέρου] σελίνου, τὰ αὐτὰ δύναται, ὁσαπερ καὶ τὸ κηπευτόν.",Garden celery,,"1. Garden celery: this herb is suitable for all the things for which coriander is also suitable, as well as for inflammations of the eyes when applied with bread or with very fine barley groats; it allays heartbum, it relaxes breasts swollen with clots of milk, and when eaten either raw or cooked it is diuretic. Both its decoction and the decoction of its roots when drunk counteract deadly poisons, are emetic, and antidiarrheic. 2, The seed is more diuretic, helping those bitten by wild animals and those who have drunk litharge; it is also dissolvent of flatulence. It is profitably mixed with analgesics, with antidotes for poisonous bites, and with cough medications. The marsh celery, which grows in moist places and which is larger than garden celery, can also accomplish the same cures as garden celery.",,,,,,,,,,,,,,,,,,,,
381,CONTEXT,,,22691059878ad8ced7e335fa36b109a7da34697a559bb43120abc6e3aee68b2a,KEEP,,,2,77,77,3,65,,,γ´,ξε´,,ὀρεοσέλινον,,ὀρεοσέλινον,"καρπός, καυλός, ῥίζα","ὀρεοσέλινον· καυλός ἐστι σπιθαμιαῖος ἐκ ῥίζης λεπτῆς, περὶ δὲ αὐτὸν κλωνάρια καὶ κεφάλια κωνείῳ παρεμφέρῆ, λεπτότερα δὲ ἱκανῶς, ἐφ᾿ ὧν ὁ καρπὸς ἐπιμήκης, δριμύς, εὐώδης, ἐοικὼς κυμίνῳ. φύεται δὲ ἐν πέτραις καὶ ὀρεινοῖς τόποις. δύναμιν δὲ ἔχει ὁ καρπὸς καὶ ἡ ῥίζα οὐρητικὴν ποθέντα ἐν οἴνῳ· ἄγει δὲ καὶ ἔμμηνα· μείγνυται δὲ καὶ ἀντιδότοις καὶ ταῖς θερμαντικαῖς δυνάμεσιν. οὐ δεῖ δὲ πλανᾶσθαι νομίζοντας τὸ ὀρεοσέλινον ἐν πέτραις φυόμενον πετροσέλινον.",Mountain parsley,,"Mountain parsley: it is a stalk, one-span tall, growing from a slender root, surrounded by little sprays and tiny heads like those of hemlock, but much more delicate, whereon lies the seed which is longish, pungent, sweet-smelling, and resembling cumin. It grows on rocks and on mountainous places. The seed and root drunk in wine have a diuretic property; they also bring on the menstrual period; they are mixed both with antidotes and with heating medicines. One must not confuse the mountain parsley that grows on rocks with parsley. %%Used as a pigment especially to whiten facial skin, also hair, and in salves.",,,,,,,,,,,,,,,,,,,,
387,CONTEXT,,,30e5ced3325339faa10c50acf4147a4ce9ebfdcca3727173944bc47088054d5b,KEEP,,,2,82,82,3,71,,,γ´,οα´,,ἱππομάραθον,,ἱππομάραθον,"ῥίζα, σπέρμα, φύλλα, ἀφέψημα, ἄγριον, μέγα","πομάραθον· μάραθόν ἐστιν ἄγριον μέγα· φέρει δὲ τὸ σπέρμα κάχρυῖ ὅμοιον, ῥίζα δὲ ὕπεστιν εὐώδης, ἥτις πινομένη στραγγουρίαν ἰᾶται καὶ ἔμμηνα ἄγει προστιθεμένη. τὸ δὲ σπέρμα καὶ ἡ ῥίζα κοιλίαν ἵστησι πινόμενα, θηριοδήκτοις τε βοηθεῖ καὶ λίθους θρύπτει καὶ ἴκτερον ἀποκαθαίρει. τῶν δὲ φύλλων τὸ ἀφέψημα πινόμενον γάλα ἄγει καὶ τὰς ἐκ τοκετῶν γυναῖκας ἀποκαθαίρει. καλεῖται καὶ ἕτερον ἱππομάραθον, φύλλα ἔχον μικρά, στενά, προμήκη, καρπὸν δὲ στρογγύλον πρὸς τὸν τοῦ κορίου, δριμύν, εὐώδη, θερμαντικόν. ἀναλογεῖ δὲ αὐτοῦ ἡ δύναμις τῷ προειρημένῳ, ἀσθενέστερον ἐνεργοῦσα.",Horse fennel,,"Horse fennel; it is a large wild fennel; its seed is like that of rosemary frankincense and the root, which is below ground and fragrant, when drunk treats strangury and it brings on the menstrual period when used as a pessary. The seed and root stem diarrhea, help those bitten by wild animals, break up stones, and clear away jaundice when drunk. The decoction of its leaves when drunk activates lactation and cleanses women after they have given birth. There is also another plant called horse fennel that has small, narrow, and elongated leaves and round seed tending toward that of coriander, pungent, fragrant, and warming. Its properties correspond to those of the above but they are weaker.",,,,,,,,,,,,,,,,,,,,
388,CONTEXT,,,4c0f2260e42e1a42b634a68808d5e2017e988dc313ec9b1546b9887a1f7f6372,KEEP,,,2,83,84,3,72,,,γ´,οβ´,,δαῦκος,,δαῦκος,"ἄνθη, καρπός, ῥίζα, σπέρμα, φύλλα, λευκός, μικροτέρα","δαῦκος· ὁ μέν τις καλεῖται Κρητικός, μαράθῳ ὅμοια ἔχων τὰ φύλλα, μικρότερα δὲ καὶ λεπτότερα, καυλὸν δὲ σπιθαμιαῖον, σκιάδιον ὅμοιον κοριάνδρῳ, ἄνθη λευκά· ἐν δὲ τούτοις ὁ καρπὸς λευκός, δασύς, δριμὺς ἐν τῷ διαμασᾶσθαι, εὐώδης· ῥίζα δακτύλου τὸ πάχος, τὸ δὲ μῆκος σπιθαμῆς. γεννᾶται δὲ ἐν πετρώδεσι τόποις καὶ εὐηλίοις. ὁ δέ τις αὐτοῦ ἐστι σελίνῳ ἀγρίῳ παραπλήσιος, ἀρωματώδης καὶ εὐώδης, δριμὺς καὶ πυρώδης γευομένῳ· διαφέρει δὲ ὁ Κρητικός. τὸ δὲ 2 τρίτον εἶδος κορίῳ τὰ φύλλα ἔοικε καὶ τὰ ἄνθη λευκά· κεφαλὴν δὲ ἔχει καὶ καρπὸν ὅμοια ἀνήθῳ, σκιάδιον δὲ σταφυλίνῳ ἐοικός, σπέρματος ἐπιμήκους πλῆρες ὡς κυμίνου, δριμέος. πάντων δέ ἐστι τὸ σπέρμα θερμαντικόν· πινόμενον δὲ ἐμμήνων καὶ ἐμβρύων καὶ οὔρων ἀγωγὸν καὶ στρόφων ἀπαλλακτικὸν βηχῶν τε χρονίων πραϋντικόν· ἀρήγει δὲ καὶ φαλαγγιοδήκτοις σὺν οἴνῳ ποθέν, διαφορεῖ δὲ καὶ οἰδήματα καταπλασθέν. ἡ δὲ χρῆσις τῶν μὲν ἄλλων τοῦ σπέρματος, τοῦ δὲ Κρητικοῦ καὶ τῆς ῥίζης, ἧτις μάλιστα πρὸς θηρία πίνεται μετ᾿ οἴνου.",Daucos,,"1. Daucos: there is one kind called Cretan, having leaves like those of fennel but smaller and finer, a stem that is one-span tall, an umbel like that of coriander, and white flowers; they contain seed that is white, rough, pungent when chewed, and fragrant; the root is a finger thick and one-span long. It grows in rocky and sunny places. And there is another kind that nearly resembles wild celery; it is spicy and fragrant, and it tastes pungent and hot. The Cretan is superior. 2. The third kind resembles coriander in foliage and it has white flowers. Its top and fruit are similar to the dill’s, the umbel is like that of carrot, it is full of longish seed like cumin and it is pungent. The seed of all of them warms; when drunk, it draws out the menstrual period, embryos/fetuses, and urine, it relieves colic, and it allays chronic coughs; it comes to the aid of people bitten by poisonous %%According to LSJ 5.v. SauKog, the three species discussed in this chapter are Athamanta cretensis, Peucedanum cervaria and Psychotis amnis. spiders when drunk with wine, and it disperses swellings when plastered on. All of them are used for their seed, but the Cretan is also used for its root, which is mostly drunk with wine as an antidote to poisonous animals.",,,,,,,,,,,,,,,,,,,,
389,ANCHOR,RV_CHAPTER_NO|RV_ENTRY_GR,RV_CHAPTER__3__73_RV|RV_ENTRY_GR__line_389,fb349ccd46d236a6cb99c48a038a57843cef32f52e84d96ce477848e2181f11c,KEEP,,,2,84,84,3,73_RV,,,γ´,,,δελφίνιον,,δελφίνιον,"ἄνθος, σπέρμα","[73] RV: δελφίνιον· οἱ δὲ διάχυτος, οἱ δὲ διάχυσις, οἱ δὲ παράλυσις, οἱ δὲ κάμμαρος, οἱ δὲ ὑάκινθος, οἱ δὲ ὕφαιμον, οἱ δὲ ἄρας, οἱ δὲ δελφινιάς, οἱ δὲ Νήρειον, οἱ δὲ Νηρειάδιον, οἱ δὲ σώσανδρον, οἱ δὲ Κρόνιον, Ῥωμαῖοι βουκίνους μίνορ. κλῶνας ἀνίησι δισπιθαμιαίους ἢ καὶ μείζονας ἀπὸ μιᾶς ῥίζης, περὶ οὓς φυλλάρια ἐπεσχισμένα, λεπτά, ἐπιμήκη, δελφινοειδῆ, ὅθεν καὶ ὠνόμασται· ἄνθος δὲ ὅμοιον λευκοΐῳ, ἐμπόρφυρον, σπέρμα ἐν λοβοῖς κέγχρῳ ἐμφερές. 2 τούτου τὸ σπέρμα βοηθεῖ ποθὲν σὺν οἴνῳ σκορπιοπλήκτοις ὡς οὐδὲν ἕτερον· φασὶ δὲ καὶ τοὺς σκορπίους παρατεθείσης τῆς πόας παραλύεσθαι ἀπράκτους τε καὶ ναρκώδεις γίνεσθαι, ὑφαιρουμένης δὲ εἰς τὸ αὐτὸ καθεστάναι. φύεται ἐν τραχέσιν καὶ εὐηλίοις χωρίοις. δελφίνιον ἕτερον· οἱ δὲ ὑάκινθον, Ῥωμαῖοι βουκίνους· καὶ αὐτὸ ἐμφερὲς τῷ πρὸ αὐτοῦ, τοῖς δὲ φύλλοις καὶ τοῖς κλωνίοις ἰσχνότερον πολλῷ, δύναμιν ἔχον καὶ αὐτὸ τὴν αὐτὴν τῷ προειρημένῳ, οὐχ οὕτως δὲ ἐνεργές.",Delphinium,,,,,,,,,,,,,,,,,,,,,,
390,CONTEXT,,,84c8fc7bb5f152eb61168000e07c97cc2276f1df0c56551cf05734d5dac5466c,KEEP,,,2,85,85,3,73,,,γ´,ογ´,,πύρεθρος,,πύρεθρος,"ῥίζα, φύλλα, ἄγριος, πόα, μακρά","πύρεθρος· πόα καυλὸν ἀνιεῖσα καὶ φύλλα ὥσπερ δαῦκος ἄγριος ἢ μάραθον· σκιάδιον δὲ ὡς ἀνήθου τροχοειδές· ῥίζα δὲ δακτύλου μεγάλου τὸ πάχος, μακρά, γευσαμένῳ πυρωτικωτάτη, φλέγματος ἐπισπαστική· διὸ καὶ ὀδονταλγίαις βοηθεῖ μετ᾿ ὄξους ἑψηθεῖσα καὶ διακλυζομένη· ἄγει δὲ καὶ φλέγμα διαμασηθεῖσα, συγχριομένη δὲ μετ᾿ ἐλαίου ἱδρῶτας κινεῖ, ποιοῦσα πρὸς τὰ χρόνια ῥίγη· καὶ πρὸς ἐψυγμένα δὲ ἢ παρειμένα μέρη τοῦ σώματος ἄκρως ἁρμόζει.",Pellitory,,"Pellitory; it is an herb that sends out a stalk and leaves like those of the wild carrot or fennel. The umbel is wheel-like, resembling the dill’s. The root is thick as a thumb, long, extremely hot if one were to taste it, and it draws phlegm. Therefore, when boiled with vinegar and used as a mouthwash it helps for toothaches. It also draws out phlegm when chewed, and it causes perspiration when smeared on with olive oil, helping for chronic shiverings. It is also highly suitable for chilled or weakened body parts.",,,,,,,,,,,,,,,,,,,,
391,CONTEXT,,,ea53c66cd517c0d4b3c58b036b66038cb824acece21d4ac7765f4ff003b6e76f,KEEP,,,2,86,87,3,74,,,γ´,οδ´,,λιβανωτίς,,λιβανωτίς,"ἄνθος, καρπός, ῥίζα, ῥίζαι, σπέρμα, φύλλα, χυλός, ἀγρία, πόα, λευκή, λευκός, μέλαν, πικρά","λιβανωτίς· δισσή· ἡ μέν τις κάρπιμος, ὑπ᾿ ἐνίων δὲ ζέα ἢ καμψάνεμα καλουμένη, ἧς ὁ καρπὸς κάχρυ καλεῖται. φύλλα δὲ ἔχει μαράθῳ ὅμοια, πλατύτερα δὲ καὶ παχύτερα, τροχοειδῶς ἐπὶ γῆς ἐστρωμένα, εὐώδη· καυλὸν δὲ ὅσον πήχεως ἢ καὶ μείζονα, μασχάλας ἔχοντα πολλὰς καὶ ἐπ᾿ ἄκρῳ σκιάδια, ἐφ᾿ ὧν καρπὸς πολύς, λευκός, ἐοικὼς σφονδυλίῳ, περιφερής, γωνίας ἔχων, δριμύς, ῥητινίζων, ἐν τῷ διαμασᾶσθαι ἐπικαίων τὴν γεῦσιν· ῥίζα δὲ λευκή, εὐμεγέθης, ὅζουσα λιβάνου. 2 ἡ δὲ ἑτέρα κατὰ πάντα ἐοικυῖα τῇ πρὸ αὐτῆς σπέρμα φέρει πλατύ, μέλαν ὡς σφονδύλιον, εὐῶδες, οὐ πυρωτικόν, ῥίζαν ἐκ μὲν τῶν ἐκτὸς μέλαιναν, θραυσθεῖσαν δὲ λευκήν. ἡ δὲ λεγομένη ἄκαρπος, κατὰ πάντα ὁμοία οὖσα ταῖς προειρημέναις, οὔτε καυλὸν ἀνίησιν οὔτε ἄνθος οὔτε σπέρμα φύεται δὲ ἐν πετρώδεις καὶ τραχέσι τόποις. πασῶν δὲ κοινῶς ἡ πόα καταπλασθεῖσα λεία αἱμορροΐδας στέλλει, φλεγμονάς τε τὰς κατὰ δακτύλιον πραΰνει καὶ κονδυλώματα καὶ χοιράδας καὶ τὰ δύσπεπτα τῶν ἀποστημάτων συμπέσσει. 3 αἱ δὲ ῥίζαι ξηραὶ σὺν μέλιτι ἕλκη ἀνακαθαίρουσι καὶ στρόφους ἰῶνται καὶ θηριοδήκτοις ἀρμόζουσι σὺν οἴνῳ πινόμεναι, ἔμμηνά τε ἄγουσι καὶ οὖρα· διαφοροῦσι δὲ καὶ οἰδήματα παλαιὰ καταπλασσόμεναι. ὁ δὲ χυλὸς τῆς ῥίζης καὶ τῆς πόας ὀξυδερκὴς μειγνύμενος μέλιτι καὶ ἐγχριόμενος. ὁ δὲ καρπὸς πινόμενος τὰ αὐτὰ ποιεῖ, βοηθεῖ καὶ ἐπιληψίαις καὶ ταῖς ἐν θώρακι παλαιαῖς διαθέσεσιν, ἰκτερικοῖς τε μετὰ πεπέρεως καὶ οἴνου διδόμενος. ἐστι δὲ καὶ ἱδρωτικὸς σὺν ἐλαίῳ ἀλειφόμενος, ἀρμόζει καὶ σπάσμασι καὶ ῥήγμασι, ποδάγραις τε καταπλασσόμενος λεῖος σὺν αἰρίνῳ ἀλεύρῳ καὶ ὄξει, ἀλφούς τε σμήχει μειγνύμενος ὄξει δριμυτάτῳ. τῷ δὲ σπέρματι εἰς τὰ ποτήματα 4 χρῆσθαι δεῖ τῆς μὴ τὸ κάχρυ φερούσης λιβανωτίδος· δριμὺ γὰρ ἐκεῖνο καὶ τραχυντικὸν τῆς ἀρτηρίας. Θεόφραστος δὲ ἱστορεῖ (h. pl. IX 11, 11) μετὰ τῆς ἐρείκης λιβανωτίδα θρίδακι ἀγρίᾳ τῇ πικρᾷ ὅμοια φύλλα ἔχουσαν, ῥίζαν δὲ βραχεῖαν φύεσθαι, καθαίρειν δὲ ἄνω καὶ κάτω τὴν ῥίζαν ποθεῖσαν, λευκότερα μέντοι καὶ τραχύτερα τὰ φύλλα τῶν τῆς θρίδακος. τὸ μέντοι κάχρυ δύναμιν ἔχει θερμαντικήν, ἀναξηραντικὴν σφόδρα· ὅθεν ἁρμόζει σμήγμασι μειγνύμενον πρὸς ῥευματιζομένους ὀφθαλμοὺς ἐπὶ τῆς κεφαλῆς ἐμπλασσόμενον καὶ ἀποσμώμενον μετὰ ἡμέρας τρεῖς.",Rosemary frankincense,,"1. Rosemary frankincense: it is of two kinds. One kind bears fruit. Some call this kind zea or campsanema-, its fruit is called cachry. It has leaves like those of fennel, but they are wider and thicker. They lie on the ground in a circle and they are fragrant. It has a stem that is one-cubit tall or even taller, having many branches and at the tip umbels, whereon there is a great deal of white fruit resembling vertebrae, round, having many nooks, pungent, smelling like pine resin, and burning the taste buds when chewed. 2. Its root is white, sizable, and smells of frankincense. The other kind is similar to the above in every respect; it has a broad seed, which is dark like the seed of cow parsnip, fragrant, it does not bum, and a root which is black on the outside but white when broken. The rosemary frankincense called fruitless is in all respects similar to the above; it grows no stem, nor flower, nor seed. It grows on rocky and rough terrains. In general, the foliage of all three ground and applied as a plaster shrink hemorrhoids, allay anal inflammations, and bring to a head callous lumps, scrofulous swellings of the glands, and those elements of abscesses that refuse to be assimilated. 3. Combined with honey, the dried roots cleanse sores, treat colic and are suitable for people bitten by wild animals when drunk with wine, draw the menstrual period and urine, and disperse old swellings when plastered on. The juice of the root and of the herb, combined with honey and smeared on, promotes sharp-sightedness. The fruit accomplishes the same results when drunk; it helps for epilepsy, for chest conditions of old standing, and for jaundice when given with wine and pepper. Rubbed on with olive oil, it causes one to perspire, it is suitable for spasms, ruptures, and gout when plastered on ground with meal of darnel and vinegar, and it clears off dull-white leprosies when mixed with very sharp vinegar. 4. One must use for drinks the seed of rosemary frankincense that does not bear cachry, because cachry is sharp and roughens the throat, Theophrastus^’ reports that there is a rosemary frankincense that grows among heath, having leaves like those of wild lettuce, the kind of lettuce that is bitter, and a short root that purges upward and downward when drunk, but that the leaves are whiter and more prickly than those of lettuce. Cachry has warming and extremely drying properties, therefore, when mixed with unguents it is suitable for rheumy eyes, being plastered on the head and wiped off after three days.",,,,,,,,,,,,,,,,,,,,
488,CONTEXT,,,c4a53978ea00e8af650000e3ca01018cc677c070f6d092f82b90de786b82f8fe,KEEP,,,2,179,179,4,13,,,δ´,ιγ´,,κλύμενον,,κλύμενον,"φύλλα, χυλός","κλύμενον· καυλὸν ἀνίησι τετράγωνον, ὅμοιον τῷ τοῦ κυάμου, φύλλα δὲ πρὸς τὰ τοῦ ἀρνογλώσσου, θυλάκια δὲ ἐπὶ τοῦ καυλοῦ εἰς ἄλληλα νεύοντα, ἐοικότα ἴριδι καὶ πολύποδος πλεκτάναις· ἄριστον δὲ τὸ ὀρεινόν. χυλίζεται δὲ ὅλον σὺν τῇ ῥίζῃ. ποιεῖ δὲ ὁ χυλὸς πρὸς αἵματος ἀναγωγάς πινόμενος καὶ κοιλιακοὺς καὶ ῥοῦν ἐρυθρόν, ψύχων καὶ στύφων· ἐπέχει δὲ καὶ τάς ἐκ μυκτήρων αἱμορραγίας. τὰ δὲ θυλάκια λεῖα τοῖς νεοτρώτοις ἐπιτιθέμενα μέχρι ἀπουλώσεως ἐνεργεῖ.",Bearbind,,"Bearbind; it sends out a quadrangular stem like the stem of the bean, leaves somewhat like the plantain’s, and little bags on the stem nodding to one another, resembling an iris and tentacles of octopus. The one growing on mountains is best. Juice is extracted from the whole plant together with the root. When drunk the juice is good for blood spitting, for the colicky, and for the red flow, cooling and binding. It also stops nosebleeds. The little bags, ground up, are efficacious for fresh sores when applied on them until they develop a scar.",,,,,,,,,,,,,,,,,,,,
489,CONTEXT,,,d545a7e8d50d136fbc05e7b811918746542ca12dfba637d12bfb563ebff78118,KEEP,,,2,180,180,4,14,,,δ´,ιδ´,,περικλύμενον,,περικλύμενον,"καρπός, ῥίζα, φύλλα, πέπειρος","περικλύμενον· οἱ δὲ σπληνίον, οἱ δὲ καὶ τοῦτο κλύμενον καλοῦσι. θαμνίσκος ἐστὶν ἀπλοῦς, ἔχων ἐκ διαστήματος φυλλάρια περιειληφότα αὐτόν, ὑπόλευκα, κισσοειδῆ καὶ παρὰ τὰ φύλλα ἐκβλαστήσεις, ἐφʼ ὧν καρὸς κισσῷ παραπλήσιος, οἱονεὶ ἐπικείμενος τῷ φύλλῳ, σκληρὸς καὶ δυσαπόσπαστος, ῥίζα παχεῖα φύεται ἐν ἀρούραις καὶ φραγμοῖς, περιελίττεταί τε τοῖς πλησιάζουσι θάμνοις. 2 τούτου ὁ καρπὸς πέπειρος συλλεγεὶς καὶ ξηρανθεὶς ἐν σκιᾷ πίνεται μετʼ οἴνου δραχμῆς μιᾶς ὁλκὴ ἐπὶ ἡμέρας τεσσαράκοντα καὶ σπλῆνα ἐκτήκει καὶ κόπον λύει καὶ ὀρθόπνοιαν ὠφελεῖ καὶ λυγμόν, οὖρόν τε ἄγει ἀπὸ τῆς ἕκτης ἡμέρας αἱματῶδες· ἔστι δὲ καὶ ὠκυτόκιος. τὴν αὑτὴν δὲ καὶ τὰ φύλλα δύναμιν ἔχει· ἐπὶ ἡμέρας δὲ τριάκοντα ἑπτὰ ποθέντα ἀγόνους ποιεῖν ἱστορεῖται, συναλειφόμενα δὲ μετ᾿ ἐλαίου ἐπὶ τῶν περιόδων τά φρικία παραιτεῖται.",Honeysuckle,,"1. Honeysuckle; but some call it splenion and others call this plant also clymenon. It is a plain little shrub, surrounded at intervals by small, whitish, ivy-like leaves, and next to the leaves it has buddings on which there is fiuit closely resembling that of ivy, lying recumbent, so to speak, upon the leaf, hard, and difficult to tear off. The root is thick. It grows in tilled lands and hedges and it winds itself around the adjacent shrubs. 2. Harvested when ripe and dried in the shade, its fruit is drunk in the amount of one drachma with wine for 40 days; it reduces the spleen, it abates fatigue, it is good for orthopnea and hiccups, but from the sixth day, it makes the urine bloody. It also induces a quick delivery. The leaves, too, have the same property, but it is reported that they make people sterile when drunk for 37 days, and they allay shiverings when rubbed on with olive oil during intermittent fevers.",,,,,,,,,,,,,,,,,,,,
490,ANCHOR,RV_ENTRY_GR,RV_ENTRY_GR__line_490,6621c8edb3fd3bba6b87567764f1971f67a44188584fd30e929e26749df32928,KEEP,,,2,181,182,4,15,,,δ´,ιε´,,τρίβολος χερσαῖος,,τρίβολος χερσαῖος,"καρπός, καυλός, φύλλα, ἔνυδρος, πόα, χερσαῖος, μακρά, μακρόν, στρυφναί, χλωρός","τρίβολος· ὁ μὲν χερσαῖος ἀνδράχνη τὰ φύλλα ἔοικε, λεπτότερα δέ, καὶ τὰ κλήματα μακρά, κατά γῆς ἐστρωμένα, καὶ πρὸς αὐτοῖς ἄκανθαι στρυφναί, σκληραί· φύεται παρὰ ποταμοῖς καὶ οἰκοπέδοις. ἐστι δέ τις καὶ ἔνυδρος ἐν ποταμοῖς φυόμενος, ὑπερέχων τὴν κόμην, τὴν δὲ ἄκανθαν κρύπτων· φύλλα πλατέα, μόσχον ἔχοντα μακρόν, καυλὸς δὲ ἐξ ἄκρου παχύτερος, μᾶλλον τοῦ ἐν βάθει· πρόσεστι δὲ καὶ τριχώδη τινὰ ἀποπεφυκότα, σταχυοειδῆ καρπὸς σκληρὸς ὡς καὶ θἀτέρου. ἀμφότεροι δὲ ψύχουσι, στύφουσιν εἰσὶ δὲ πάσης φλεγμονῆς 2 καταπλάσματα, σὺν μέλιτι δὲ ἄφθας καὶ τἀς ἐν στόματι σηπεδόνας καὶ παρίσθμια καὶ οὖλα θεραπεύουσι. χυλίζονται δὲ καὶ εἰς ὀφθαλμικά· ὁ δὲ καρπὸς αὐτῶν χλωρὸς καὶ λιθιῶντας πινόμενος ὠφελεῖ. τοῦ δὲ χερσαίου ὅσον δραχμὴ μία πινομένη καὶ καταπλασσομένη τοὺς ἐχιοδήκτους ἀποκαθίστησιν, ἁρμόζει καὶ θανασίμοις μετʼ οἴνου πινόμενος· κτείνει δὲ καὶ ψύλλους τὸ ἀπόζεμα αὐτοῦ ῥανθέν. οἱ δὲ περὶ τὸν Στρυμόνα ποταμὸν Θρᾷκες τῇ μὲν πόᾳ χλωρᾷ ἱπποτροφοῦσι, τὸν δὲ καρπόν, ὄντα γλυκὺν καὶ τρόφιμον σιτοποιοῦσι χρώμενοι αὐτῷ ἀντὶ ἄρτου. [16 RV: σαξίφραγον· οἱ δὲ σαξίφραγγον, οἱ δὲ ἔμπετρον, οἱ δὲ καὶ τοῦτο σκολοπένδριον, οἱ δὲ βροῦχον καλοῦσιν, Ῥωμαῖοι σαξίφραγαμ, οἱ δὲ σατανάριαμ. ἐστὶ φρυγανῶδες, ἐν πέτραις καὶ τραχέσι τόποις φυόμενον. δύναμιν δὲ ἔχει ἡ πόα λεία ἀπυρέτοις μὲν σὺν οἴνῳ, πυρέσσουσι δὲ ἐν ὕδατι θερμῷ διδομένη ἐν ποτῷ, λίθους τε τοὺς ἐν κύστει θρύπτειν καὶ διʼ οὔρων ἄγειν· εὐθετῶς ἁρμόζει.]",Caltrops,,"1. Caltrops; it has leaves that are like the leaves of purslane except thinner, its twigs are long, spread along the ground, and on them there are thorns that are stiff and hard. It grows near rivers and on building lots. There is also a kind that is a water plant,'’ growing in rivers, having its foliage above water but hiding its thorn; the leaves are broad, having a long petiole, and the stem is thicker at the top than at the bottom. It has also some hairy growth that is like a spike of wheat; the fruit is tough just like the fruit of the other kind. 2. Both cool and are astringent. They are plasters for all kinds of inflammations, and with honey they treat the thrush, putrid humors in the mouth, inflammations of the tonsils, and the gums. Their juice is extracted also for eye medicines. When taken in a drink their unripe fruit benefits also those who have stones. About one drachma of the fruit of the land caltrops when drunk and when used as a plaster restores those bitten by vipers and it is suitable to drink with wine for deadly poisons. Its decoction kills even fleas when sprinkled around. The Thracians who live around the Stiymon River feed the herb when green to horses and they prepare the fruit, which is sweet and edible, for food, using it instead of bread.",,,,,,,,,,,,,,,,,,,,
491,CONTEXT,,,9fb2daae892e64991eeaadc1c3b7816cd7e08cce8098150877f2288639daf905,KEEP,,,2,183,183,4,16,,,δ´,ιϛ´,,λειμώνιον,,λειμώνιον,"καρπός, φύλλα, μικροτέρα","λειμώνιον· οἱ δὲ νευροειδές. τὰ μὲν φύλλα ἔχει ὅμοια τεύτλῳ, λεπτότερα δὲ καὶ μικρότερα, δέκα ἤ πλείω, καυλὸν δὲ λεπτόν, ὄρθιον ὥσπερ κρίνου, γέμοντα καρποῦ ἐρυθροῦ, στύφοντος πρὸς τὴν γεῦσιν. δύναται δὲ ὁ καρπὸς λεῖος σὺν οἴνῳ ποθεὶς ὀξυβάφου πλῆθος δυσεντερικούς | καὶ κοιλιακοὺς ὠφελεῖν, ῥοῦν τε ἐρυθρὸν ἵστησι. φύεται δὲ ἐν λειμῶσι καὶ ἑλώδεσι τόποις.",Sea lavender,,"Sea lavender; but others call it neuroeides. It has leaves like the beefs but slenderer and smaller, ten or more, and a slender stem, upright just like the white lily’s, full of red fruit that is astringent in taste. A quantity of one oxyhaphon of fruit ground up and drunk with wine can benefit those with dysentery and colic and it stems the red discharge. It grows in meadows and marshlands.",,,,,,,,,,,,,,,,,,,,
492,CONTEXT,,,569c0c499061664a57e6338f2f266a6e5d3b184af2d3b58b26eb1f1e2b7aa399,KEEP,,,2,183,183,4,17,,,δ´,ιζ´,,λαγώπουν,,λαγώπουν,,"λαγώπουν· δύναμιν ἔχει στατικὴν κοιλίας πινόμενον μετʼ οἴνου, ἐπὶ δὲ πυρεσσόντων μεθʼ ὕδατος· περιάπτεται δὲ καὶ πρὸς φλεγμονὴν βουβώνων. φύεται δὲ ἐν πρασιαῖς.",Hare’s foot trefoil,,"Hare’s foot trefoil; when drunk with wine its property stops diarrhea, but people who run a fever should drink it with water. It is also worn suspended for inflammation of the groin. It grows in garden plots. %%Water chestnut.",,,,,,,,,,,,,,,,,,,,
531,CONTEXT,,,339ec8474fef84f107952401433c1b1fcb4a8fe3d0c78b8b7a23177e05e47101,KEEP,,,2,210,210,4,56,,,δ´,νϛ´,,χρυσόγονον,,χρυσόγονον,"ἄνθος, φύλλα","χρυσόγονον· οἱ δὲ ἴασπιν, οἱ δὲ λίνον καλοῦσι. φύλλα μὲν ἔχει ὅμοια δρυΐ — ὁ δὲ θάμνος ἐστὶ πυκνός — ἄνθος δὲ παραπλήσιον φλόμῳ τῷ στεφανωματικῷ, ῥίζαν δὲ ὁμοίαν γογγυλίδι, ἔνδοθεν ἰσχυρῶς ἐρυθράν, ἔξωθεν δὲ μέλαιναν, ἥτις βοηθεῖ σύν ὄξει λεανθεῖσα καὶ ἐπιτεθεῖσα μυγαλῆς δήγμασιν.",Black turrnip,,"The black turnip; but some call it iaspis and others linon. It has leaves like those of oak — but the shrub is compact — a flower that nearly resembles the flower of the mullein that is used for making garlands, and a root like a turnip, inside very red but outside black. The root triturated with vinegar and plastered on helps for bites of the shrewmouse.",,,,,,,,,,,,,,,,,,,,
532,CONTEXT,,,b206175193072997639d7442754173cbd9246c7a81b65cd744d3b6520353c306,KEEP,,,2,211,211,4,57,,,δ´,νζ´,,ἑλίχρυσον ἢ χρυσάνθεμον,,ἑλίχρυσον ἢ χρυσάνθεμον,"κοιλία, κόμη, φύλλα, λευκόν","ἑλίχρυσον ἢ χρυσάνθεμον, οἱ δὲ ἀμάραντον, ᾧ καὶ τὰ εἴδωλα στεφανοῦσι. ῥαβδίον ὀρθόν, λευκόν, φύλλα στενὰ ἐκ διαστημάτων ἔχον πρὸς τὰ τοῦ ἁβροτόνου, κόμην κυκλοτερῆ, σκιάδια χρυσοφανῆ, περιφερῆ ὥσπερ κορύμβους ξηρούς, ῥίζαν λεπτήν. φύεται | δὲ ἐν τραχέσι καὶ χαραδρώδεσι τόποις. βοηθεῖ δὲ ἡ κόμη σὺν οἴνῳ ποθεῖσα δυσουρίαις καὶ ἑρπετῶν δήγμασι καὶ ἰσχιάσι καὶ ῥήγμασι, καὶ ἔμμηνα ἄγει καὶ θρόμβους αἵματος τοὺς ἐν κύστει ἢ κοιλίᾳ τήκει σὺν οἴνῳ ἤ οἰνομέλιτι πινομένη· ἴσχει δὲ καὶ κατάρρους ὅσον τριώβολον νήστει δοθὲν πιεῖν ἐν κράματι οἴνου λευκοῦ· συντίθεται δὲ καὶ μετὰ ἱματίων ἄβρωτα τηροῦσα ταῦτα.",Gold flower,,"Gold flower or chrysanthemon or amaranton and with which they crown the gods’ images. It is a small, <upright>, white shoot, having at intervals narrow leaves like those of wormwood, foliage in a circle, umbels shining like gold, round, as if they were dry clusters, and a thin root. It grows in rough terrains and in places abounding in gullies. The foliage when drunk with wine helps for difficult micturition, bites of reptiles, hip ailments, and ruptures; drunk with wine or with honey mixed with wine, it brings on the menstruation and dissolves blood clots in the bladder or abdomen. It also controls catarrhs when about one triobolon is given to drink on an empty stomach with diluted white wine. It is placed even between clothes because it guards them from being eaten by moths.",,,,,,,,,,,,,,,,,,,,
533,ANCHOR,RV_CHAPTER_NO|RV_ENTRY_GR,RV_CHAPTER__4__58_RV|RV_ENTRY_GR__line_533,ed4e495cda1c0a9820e502c2246794a1beb72d41de6dfde114615f303865cf95,KEEP,,,2,212,212,4,58_RV,,,δ´,,,χρυσάνθεμον ἢ χάλκας,,χρυσάνθεμον ἢ χάλκας,"ἄνθη, καυλοί, φύλλα, πόα","[58] RV: χρυσάνθεμον ἢ χάλκας· οἱ δὲ χρυσανθεμίδα, οἱ δὲ χαλκῖτιν, οἱ δὲ χάλκανθον, οἱ δὲ χαλκάνθεμον, οἱ δὲ βούφθαλμον, Ῥωμαῖοι κάλθα, Θοῦσκοι γαρουλέου, Ἄφροι χουρζητά. τρυφερά τις πόα, θαμνοειδὴς δέ, λείους ἀναφέρουσα καυλοὺς καὶ φύλλα πολυσχιδῆ, ἄνθη μήλινα, ἰσχυρῶς στίλβοντα καὶ ὀφθαλμοειδῶς κυκλοτερῆ, διὸ καὶ οὕτως ὠνόμασται. φύεται δὲ περὶ τάς πόλεις· οἱ καυλοὶ δὲ αὐτῆς λαχανεύονται. τὰ δὲ ἄνθη λεῖα μετὰ κηρωτῆς στεατώματα λέγεται διαφορεῖν, ἰκτερικούς δὲ καὶ προσκαίρως εὐχροεῖν ποιεῖ ποθεῖσα μετὰ τὴν ἐν τοῖς λουτροῖς ἀπὸ τῆς μάκτρας [ἔξοδον.]",Chrysanthemum,,,,,,,,,,,,,,,,,,,,,,
534,CONTEXT,,,07e0e4895023e0fb8b5c78d9a360ec44530385169be75bd05717c48b52259b87,KEEP,,,2,212,212,4,58,,,δ´,νη´,,ἀγήρατον,,ἀγήρατον,"ἄνθος, ἀφέψημα, πόα","ἀγήρατον· θάμνος φρυγανώδης, δισπίθαμος, ταπεινός, ἀπλοῦς, ἐμφερὴς μάλιστα ὀριγάνῳ, σκιάδιον ἔχων, ἐφ᾿ οὖ ἄνθος πομφολυγῶδες, χρυσοειδές, ἔλαττον δ᾿ ἑλιχρύσου. ὠνόμασται δὲ ἀγήρατον διὰ τὸ πρὸς τὸ πολὺ τὸ ἄνθος ὁμοειδὲς φυλάττεσθαι. δύναμιν δὲ ἔχει τὸ ἀφέψημα αὐτῆς πυριωμένην, καὶ αὐτὴ ἡ πόα ὑποθυμιωμένη οὖρα ἄγειν καὶ τὰ περὶ ὑστέραν μαλάττειν.",Pot marjoram,,"Pot marjoram; it is a bush that belongs to the class of undershrubs, measuring two-spans; it is low, plain, resembling a great deal the oregano, having an umbel on which grows a golden, bubble-Uke (lower, smaller than the gold flower. It was named ageraton'^ because, by and large, the flower stays unaltered. Its decoction has a burning property and the herb itself, burned as to produce smoke, is able to draw down the urine and to soften the areas around the uterus. %%19 ἀγέρατον, “ageless.”",,,,,,,,,,,,,,,,,,,,
535,CONTEXT,,,ceb74246d20b87865daf030ce71a6673c61a57f16a07f7a06aee08b4368920ec,KEEP,,,2,213,213,4,59,,,δ´,νθ´,,περιστέριον,,περιστέριον,"πέταλα, φύλλα, περιστερᾶς, πόα","περιστέριον· φύεται ἐν τοῖς ἐφύδροις τόποις, δοκεῖ δὲ ὠνομάσθαι ἐκ τοῦ τὰς περιστερὰς ἡδέως ἐνδιατρίβειν αὐτῇ. πόα δ᾿ ἐστὶ σπιθαμῆς ἔχουσα τὸ ὕψος ἢ καὶ μεῖζον, πέταλα ἐντετμημένα, ὑπόλευκα, ἐκπεφυκότα ἐκ τοῦ καυλοῦ· μονόκλαδος δʼ ὡς τὸ πολὺ καὶ μονόρριζος εὑρίσκεται. δοκεῖ δὲ τὰ φύλλα σὺν ῥοδίνῳ ἢ στέατι χοιρείῳ νεαρῷ προστιθέμενα ἀνωδυνίαν ὑστέρας ποιεῖν στέλλει δὲ καὶ ἐρυσιπέλατα σὺν ὄξει καταπλασθεῖσα καὶ σηπεδόνας ἐπέχει καὶ τραύματα κολλᾷ καὶ ἀπουλοῖ τὰ παλαιὰ σύν μέλιτι.",Vervain,,"Vervain; it grows in moist places and it seems that it was so named because doves’\"" like to spend time near it. It is a plant that has a height of a span or even greater, and leaves that are split and whitish, growing from the stem. It is generally found with a single stem and a single root. It seems that its leaves, applied as a pessary with either unguent of roses or with fresh pork fat, stop uterine pains. Applied as a cataplasm with vinegar, the plant checks eiysipelas, and with honey it controls putrid humors, closes wounds, and cicatrizes wounds that are old.",,,,,,,,,,,,,,,,,,,,
601,CONTEXT,,,edf4a99c73a4c6f52aa7b93e29bc10f57806e39bf8c3872923bc3db21e6d20a3,KEEP,,,2,273,273,4,125,,,δ´,ρκε´,,χαμαίκισσος,,χαμαίκισσος,"ἄνθη, κλωνία, ῥίζα, φύλλα, λευκή, μικροτέρα, πικρά","χαμαίκισσος· φύλλα ὅμοια ἔχει πυροῖς, μακρότερα δὲ καὶ λεπτότερα, πολλά, κλωνία σπιθαμιαῖα, περίπλεα φύλλων ἀπὸ τῆς γῆς, πέντε ἢ ἕξ, ἄνθη λευκοΐοις ὅμοια, μικρότερα δὲ καὶ πικρὰ πρὸς τὴν γεῦσιν ἰσχυρῶς, ῥίζα [λευκή,] λεπτή, ἀχρηστος· φύεται ἐν ἐργασίμοις χωρίοις. ἁρμόζει δὲ τὰ φύλλα ἰσχιαδικοῖς ὅσον τριώβολον ἐν ὕδατος κυάθοις τρισὶ πινόμενα ἐπὶ ἡμέρας τεσσαράκοντα ἢ πεντήκοντα καὶ ἴκτερον δὲ ἀποκαθαίρει ὁμοίως πινόμενα πρὸς ἓξ ἢ ἑπτὰ ἡμέρας.",Ground ivy,,"Ground ivy: it has many leaves that are like the wheat’s but longer and thinner, five or six small sprays, a span long and full of leaves from the ground, and flowers that are like gillyflowers but smaller and very bitter in taste. The root is white, delicate, and useless. It grows in tilled lands. About one triobolon of leaves, when drunk for 40 or 50 days in three cyathoi of water, is suitable for people suffering from hip ailments; the leaves also clear away jaundice when similarly drunk for six or seven days.",,,,,,,,,,,,,,,,,,,,
602,CONTEXT,,,2b529ea3a06b7f8ca2326591b347da4c8e2187da082faeacd2076246454dabc4,KEEP,,,2,273,273,4,126,,,δ´,ρκϛ´,,χαμαιπεύκη,,χαμαιπεύκη,,χαμαιπεύκη ποιεῖ πρὸς ὀσφύος ἄλγημα λεία σὺν ὕδατι πινομένη.,Fishbone thistle,,Fishbone thistle; ground up and drunk with water it is beneficial for lower back pain.,,,,,,,,,,,,,,,,,,,,
603,ANCHOR,RV_ENTRY_GR,RV_ENTRY_GR__line_603,56abc7e740e37df4d06dc5af8f64fb45a17c5e57382cb3c9bdf169bf40e8022d,KEEP,,,2,274,274,4,127,,,δ´,ρκζ´,,βούγλωσσον,,βούγλωσσον,"φύλλα, φύλλον, πόα, μικροτέρα, τραχύ, φυτόν","βούγλωσσον· ἔοικε φλόμῳ· φύλλον χαμαιπετὲς τραχύ τε καὶ μελάντερον καὶ μικρότερον, ὅμοιον βοὸς γλώσσῃ, ὅπερ καθιέμενον εἰς τὸν οἶνον εὐφρόσυνον δοκεῖ εἶναι. [127] RV: κυνόγλωσσον· οἱ δὲ φυτόν, οἱ δὲ καβαλλάτιον, οἱ δὲ σπληνιον, οἱ δὲ σκόλυμος, Ῥωμαῖοι λίγγουα κάνις, οἱ δὲ λίγγουα κανίνα. φύλλα ἔχει ἀρνογλώσσῳ τῷ πλατυφύλλῳ ἐμφερῆ, στενότερα δὲ καὶ μικρότερα, χνοώδη· ἄκαυλον, ἐπὶ γῆς ἐστρωμένον φύεται ἐν ἀμμώδεσι τόποις. δύναμιν δὲ ἔχει τὰ φύλλα λεῖα σὺν στέατι παλαιῷ ὑείῳ κυνόδηκτα καὶ ἀλωπεκίας καὶ κατακαύματα ἰᾶσθαι· ἑψηθεῖσα δὲ ἡ πόα καὶ πινομένη σὺν οἴνῳ κοιλίας ἐστὶ [μαλακτική.]",Bugloss,,"Bugloss: it resembles the mullein. Its foliage lies on the ground and it is jagged, darker, and smaller, resembling a cow’s tongue. It is thought to make people mirthful when dropped into their wine.",,,,,,,,,,,,,,,,,,,,
604,CONTEXT,,,2a31483f75fc4b0c1df4d94a292a87f7847ee2b4f95e8697ab26ca62f0a601ac,KEEP,,,2,274,274,4,128,,,δ´,ρκη´,,φύτευμα,,φύτευμα,"φύλλα, μικροτέρα","φύτευμα· φύλλα ὅμοια ἔχει στρουθίῳ, μικρότερα δέ, καρπὸν πολύν, τετρημένον, ῥίζαν μικράν, λεπτήν, ἐπιπόλαιον, ἣν ἀναγράφουσί τινες εὐθετεῖν πρὸς φίλτρον.",Montpellier rocket,,"Montpellier rocket: it has leaves similar to those of soapwort but smaller, a great deal of seed that has holes, and a small, delicate, and superficial root. Some people write that the root is suitable for love potions.",,,,,,,,,,,,,,,,,,,,
605,CONTEXT,,,2939e56d1c23e1661d4b84d3510126875596823f250a015c5cbafe759d18a839,KEEP,,,2,275,275,4,129,,,δ´,ρκθ´,,ὑπόγλωσσον,,ὑπόγλωσσον,"κόμη, φύλλα, ἀγρία","ὑπόγλωσσον· θαμνίσκος ἐστὶ μυρσίνῃ ἀγρίᾳ καὶ λεπτῇ ἔχων τὰ φύλλα ὅμοια, κόμην δὲ ἀκανθώδη καὶ ἐπʼ ἄκρου, οἱονεὶ γλωττίδας, παραφύσεις μικρὰς παρὰ τοῖς φύλλοις. δοκεῖ δὲ ἡ κόμη περίαμμα εἶναι χρήσιμον κεφαλαλγοῦσι· μείγνυται δὲ καὶ εἰς μαλάγματα.",Horse tongue,,"Horse tongue: it is a small shrub having leaves similar to those of the small butcher’s broom, prickly foliage, and on top it has next to the leaves small offshoots resembling tiny tongues. The foliage seems to be a useful amulet for people with headaches. It is also mixed with emollients.",,,,,,,,,,,,,,,,,,,,
611,CONTEXT,,,32fff9b245af618ca4683f304213e699dc72e09b2abe06438e22ff8d6c2b5317,KEEP,,,2,281,281,4,135,,,δ´,ρλε´,,τριχομανές,,τριχομανές,"φύλλα, μικρόν","τριχομανές, οἱ δὲ καὶ τοῦτο ἀδίαντον καλοῦσι· κατὰ τούς αὐτοὺς φύεται τόπους. ὅμοιον πτέριδι, μικρὸν λίαν, στοιχηδὸν ἐξ ἑκατέρου τὰ φύλλα ἔχον λεπτά, φακοειδῆ, ἐναντία ἀλλήλοις ἐπὶ ῥαβδίων λεπτῶν καὶ στρυφνῶν, παραστιλβόντων ὑπομελάνων. δοκεῖ δὲ τὰ αὐτὰ δύνασθαι τῷ προειρημένῳ.",Waterwort,,"Water wort: but some call this one also adianton; it grows around the same places. It is like the male fem, tiny, having slender, lentiform leaves in a row, opposing each other on both sides on little rods that are slender, stiff, gleaming, and somewhat black. It is thought to be capable of the same activities as the above.",,,,,,,,,,,,,,,,,,,,
612,CONTEXT,,,525ced6a86307d4a926f1c1503e28b721140739138a6ce7fd2319d3cd0fc0e33,KEEP,,,2,282,282,4,136,,,δ´,ρλϛ´,,ξάνθιον,,ξάνθιον,"καρπός, φύλλα","ξάνθιον· οἱ δὲ φάσγανον, οἱ δὲ ἀντιθέσιον, οἱ δὲ χάσκανον, οἱ δὲ χοιραδόλεθρον, οἱ δὲ καὶ ταύτην ἀπαρίνην ἐκάλεσαν φύεται ἐν εὐγείοις τόποις καὶ λίμναις ἀνεξηραμμέναις. καυλὸν δὲ ἔχει πηχυαῖον, λιπαρόν, γωνιοειδῆ καὶ ἀπʼ αὐτοῦ μασχάλας πλείονας, ἀνδραφάξει δὲ τὰ φύλλα ἐμφερῆ, ἐντομάς ἔχοντα, καρδάμῳ δὲ τὴν ὀσμὴν παραπλήσιον· καρπὸν δὲ στρογγύλον, ὡς ἐλαίαν μεγάλην, ἀκανθώδη ὡς πλατάνου σφαῖραν, ἀντιλαμβανόμενον ἱματίων κατὰ τὴν ψαῦσιν. 2 δύναται δὲ ὁ καρπός, πρὶν τελείως ξηρανθῆναι, συλλεγεὶς καὶ κοπεὶς ἀποτεθείς τε εἰς κεραμεοῦν ἀγγεῖον τρίχας ξανθὰς ποιεῖν, ἐάν τις ἐπὶ τῆς χρήσεως λαβών τρυβλίου πλῆθος ἐξ αὐτοῦ διείς τε ὕδατι χλιαρῷ καὶ προεκνιτρώσας τὴν κεφαλὴν καταπλάσῃ· τινὲς δὲ καὶ μετʼ οἴνου κόψαντες αὐτὸ ἀποτίθενται. καταπλάσσεται δὲ καὶ πρὸς οἰδήματα ὁ καρπὸς ἐπιτηδείως.",Broad-leaved burweed,,"1. Broad-leaved burweed: but some have called it phasganon, others antithesion. others chascanon, others choiradolethron, and others have called this one, too, aparine. It grows in fertile lands and in marshes that have dried up. It has a stem a cubit tall, shiny, and angular, and from it grow many axils; its leaves are like those of orach, notched, and nearly resembling nose-smart in scent; it has round fruit, like a large olive, prickly like the globular catkin of the plane tree, and adhering to clothing on contact. 2. The fruit, collected before it is fully dried, pounded, and stored in a clay vessel, can dye hair blond if one, at the time of using it, took a quantity of one tryblion, diluted it in tepid water, and after cleaning the head with soda, plastered it on; but some store it also after beating it with wine. The fruit is plastered advantageously also on swellings,",,,,,,,,,,,,,,,,,,,,
613,ANCHOR,RV_ENTRY_GR,RV_ENTRY_GR__line_613,ffc2a8807663768be8aaa1ff8b5c7e32f0c6559ddd1b84a6a581bc1c422d66ba,KEEP,,,2,283,283,4,137,,,δ´,ρλζ´,,αἰγίλωψ,,αἰγίλωψ,"καρπός, φύλλα, χυλός, πόα","αἰγίλωψ· βοτάνιόν ἐστι φύλλα ὅμοια ἔχον πυρῷ, μαλακώτερα δέ· ἐπʼ ἄκρας δὲ τῆς κεφαλῆς ὁ καρπός, ἔχων δύο ἢ τρία ἔλυτρα, ἐφʼ ὧν ἀθέρες οἱονεὶ τρίχες ἐκπεφύκασι. θεραπεύει δὲ ἡ πόα μετὰ ἀλεύρου καταπλασθεῖσα αἰγιλώπια καὶ σκληρίας διαφορεῖ· ἀποτίθεται δὲ ὁ χυλὸς αὐτῆς πρὸς τὰ αὐτά, μιγεὶς ἀλεύρῳ καὶ ξηρανθείς. [137 RV: βρόμος· οἱ δὲ σιφώνιον. οἱ δὲ ἀκρόσπελλος, Ῥωμαῖοι ἀβήναμ, Ἄφροι γυμμάθ· πόα ἐστὶν αἰγίλωπι ἐμφερής, δύναμιν ἔχουσα ἐπιξηραντικήν· ἀφεψηθεῖσα δὲ σύν ταῖς ῥίζαις μεθʼ ὕδατος, ἕως ἂν εἰς τρίτον ἔλθῃ τὸ ἀπόζεμα, καὶ διυλίσας αὐτὸ ἐπίμισγε μέλι τοσοῦτον καὶ ἕψε, ἕως γένηται πάχος ἔχον ὑγροῦ μέλιτος, καὶ ποιεῖ ἐπὶ τῶν ὀζαινικῶν, εἰ βρέχων ὀθόνιον προστίθης τῳ μυκτῆρι, καὶ καθʼ ἑαυτὸ δὲ ποιεῖ οὕτως· τινὲς δὲ καὶ ἀλόην λειώσαντες παρεμμίσγουσι καὶ οὕτως χρῶνται. ποιεῖ δὲ καὶ μετὰ ῥόδων ξηρῶν ἀφεψηθεὶς σύν οἴνῳ πρὸς τὰς τοῦ στόματος δυσωδίας.]",Haver grass,,"Haver grass: it is a small herb having leaves similar to those of wheat but softer. The fruit is at the top of the head, having two or three seed capsules on which grow beards as if they were hair. Plastered on with meal, this plant treats lachrymal fistulas and dissipates indurations. Its juice is stored for the same purposes after it has been mixed with meal and dried.",,,,,,,,,,,,,,,,,,,,
614,CONTEXT,,,d8f2d0877bcb08b1e8a9eff1dfe195ae11c7d4bd40d69f6b008e0a74c0864bbd,KEEP,,,2,284,284,4,138,,,δ´,ρλη´,,γλαύξ,,γλαύξ,"ἄνθη, κλωνία, μικροτέρα","γλαύξ· κυτίσῳ ἢ φακῷ τὰ φυλλάρια ἔοικεν, ὧν τὰ κάτωθεν λευκότερα, τὰ ἄνωθὲν δὲ χλωρά· κλωνία δὲ ἐὶ ἐπὶ γῆς ἀφίησι πέντε ἢ ἓξ λεπτά, σπιθαμιαῖα ἀπὸ τῆς ῥίζης· ἄνθη λευκοίοις ὅμοια, μικρότερα δέ, πορφυρᾶ φύεται παρὰ θάλατταν. αὕτη ἑψομένη μετὰ ἀλεύρου κριθίνου καὶ ἁλὸς καὶ ἐλαίου καὶ ῥοφηθεῖσα γάλα σβεννύμενον ἀνακαλεῖται.",Wart cress,,"Wart cress: its little leaves are like those of the tree medick or the lentil; its lower leaves are rather white but the upper pale-green. It sends out from the root along the ground five or six slender little twigs, a span long. The blossoms are similar to gillyflowers but smaller and purple. It grows near the sea. This plant, boiled with barley meal, salt, and oil, and sipped, restores milk that is drying up.",,,,,,,,,,,,,,,,,,,,
615,CONTEXT,,,a688af04f087ee3aa7cde29000e715dca1aef53e135fd3afb5da1cae97493674,KEEP,,,2,284,284,4,139,,,δ´,ρλθ´,,πολύγαλον,,πολύγαλον,φύλλα,"πολύγαλον· καυλίον σπιθαμιαῖον ἔχον φύλλα φακοειδῆ, τῇ γεύσει ὑπόστρυφνον. ποθὲν δὲ καὶ τοῦτο γάλα δοκεῖ πλεῖον ποιεῖν.",Milkwort,,"Milkwort: it is a small stalk, a span tall, having lentiform leaves, somewhat astringent in taste. This plant, too, is thought to increase milk production when drunk.",,,,,,,,,,,,,,,,,,,,
663,CONTEXT,,,92480cbec5d995875e57f862a52a312574f6388c90a4252f5130716b450dc0ca,KEEP,,,2,335,335,4,187,,,δ´,ρπζ´,,δρυοπτερίς,,δρυοπτερίς,,"δρυοπτερίς· φύεται κατὰ τὰ βρυώδη μέρη τῶν παλαιῶν δρυῶν, ὁμοία πτέριδι, ἐλάττων δὲ πολλῷ καὶ τῇ σχίσει λεπτή· ῥίζας δʼ ἔχει κατʼ ἐπιπλοκὴν δασείας, στρυφνάς κατά τὴν γεῦσιν ἐν τῳ γλυκεῖ. τοῦτο ἐπιπασθὲν λεῖον σὺν ταῖς ῥίζαις τρίχας ψιλοῖ· δεῖ δὲ ἀποψᾶν τὸ πρῶτον μετὰ τὸ ἰκμάσαι τὸν χρῶτα καὶ νεαρὸν ἐπιπάττειν.",Black oak fern,,"Black oak fern; it grows on the mossy parts of old oaks, it resembles the male fem, but it is a great deal smaller and delicately slit. It has roots that are matted, sharp, and taste somewhat sweet. This plant removes hair when applied ground up with its roots. One must, however, wipe clean the first apphcation after it has moistened the skin and make a fresh application.",,,,,,,,,,,,,,,,,,,,
664,CONTEXT,,,d958a93b3bdb345943b347d0eceb6511c7f0f6cb0b859c8ddee3d9ba4a7641b0,KEEP,,,2,336,336,4,188,,,δ´,ρπη´,,κνῆκος,,κνῆκος,"ἄνθος, σπέρμα, φύλλα, χυλός, λευκόν","κνῆκος· φύλλα ἔχει ἐπιμήκη, ἐντετμημένα, τραχέα, ἀκανθώδη, καυλούς διπήχεις, ἐφʼ ὧν κεφάλια κατὰ μέγεθος ἐλαίας, ἄνθος κρόκῳ ὅμοιον, σπέρμα λευκὸν καὶ πυρρόν, ἐπίμηκες, γεγωνιωμένον. τούτου τῳ ἄνθει χρῶνται εἰς τὰ προσοψήματα. τὸ δὲ σπέρμα κοπτόμενον καὶ χυλιζόμενον σὺν ὑδρομέλιτι 2 ἢ ζωμῷ ὄρνιθος κοιλίαν καθαίρει· κακοστόμαχον δέ ἐστι. γίνεται δὲ καὶ κοπτάρια κοιλίας μαλακτικὰ διʼ αὐτοῦ πτισθέντος καὶ μιγέντος ἀμυγδάλοις καὶ νίτρῳ καὶ ἀνήσσῳ καὶ μέλιτι ἑφθῷ· δεῖ δὲ πρὸ δείπνου λαμβάνειν εἰς τέσσαρα διελόντας ὡς βασιλικοῦ καρύου μέγεθος δύο ἢ τρία. σκευάζειν δὲ δεῖ τὸν τρόπον τοῦτον· κνήκου λευκοῦ ξέστην ἕνα, Θασίων πεφωγμένων καὶ λελεπισμένων κυάθους τρεῖς, ἀνήσσου δραχμήν μίαν, ἀφρονίτρου δραχμήν μίαν, μέλιτος τὸ ἀρκοῦν ἰσχάδων τῆς σαρκὸς ἀριθμῷ τριάκοντα. πήττει δὲ καὶ γάλα ὁ χυλὸς τοῦ σπέρματος καὶ λυτικώτερον ποιεῖ.",Safflower,,"1. Safflower: it has leaves that are longish, slit, rough, and prickly, stems that are two-cubits tall, on which there are little heads about the size of an olive, a flower similar to the saffron, and seed that is white and red, longish, and angular. They use its flower in side dishes. Juice from the chopped seed with hydromel or chicken broth purges the bowel. But it is bad for the stomach. 2. Lozenges that soften the bowel are also made from it by braying it in a mortar and mixing it with almonds, soda, anise, and boiled honey. Dividing them into four parts the size of a walnut, you must take two or three before dinner. You must prepare them this way: one xestes of white safflower, three cyathoi of roasted almonds, their skins removed, one drachma aphronitron,^^ one drachma anise, <enough honey>,'’^ and the flesh of 30 figs. The juice of the seed also curdles milk and makes it more laxative.",,,,,,,,,,,,,,,,,,,,
665,ANCHOR,RV_ENTRY_GR,RV_ENTRY_GR__line_665,43009ec6331e9503fe8a919e369169fc8b56aed0d5262bf37410de0d172f7266,KEEP,,,2,337,338,4,189,,,δ´,ρπθ´,,λινόζωστις,,λινόζωστις,"καυλός, κλωνία, φύλλα, φύλλον, ἀγρία, ἄρρην, μείζων, μικρόν","λινόζωστις· οἱ δὲ παρθένιον, οἱ δὲ Ἑρμοῦ βοτάνιον καλοῦσιν. ἔχει τὸ φύλλον ὅμοιον ὠκίμῳ πρὸς τὸ τῆς ἑλξίνης, ἔλαττον δέ, κλωνία διγόνατα, μασχάλας πολλάς, πυκνὰς ἔχοντα· τὸν δὲ καρπὸν ἡ μὲν θήλεια βοτρυοειδῆ καὶ πολὺν ἡ δὲ ἄρρην πρὸς τοῖς πετάλοις μικρόν, στρογγύλον, ὥσπερ ὀρχίδια κατὰ δύο προσκείμενα· ὅλος δὲ ὁ θαμνίσκος σπιθαμιαῖος ἢ καὶ μείζων. κινοῦσι δʼ ἀμφότεραι κοιλίαν λαχανευόμεναι καὶ ἐσθιόμεναι· 2 μεναι· καθεψόμεναι δὲ ἐν ὕδατι πινομένου τοῦ ὕδατος ἄγουσι χολὴν καὶ ὑδατῶδες. δοκεῖ δὲ τὰ μὲν τῆς θηλείας φύλλα λεῖα πινόμενα καὶ προστιθέμενα μετὰ τὴν κάθαρσιν τοῖς αἰδοίοις σύλλημψιν θήλεως ποιεῖσθαι, τὰ δὲ τῆς ἄρρενος ὁμοίως ἐπιτηδευθέντα ἀρρενογόνα γίνεσθαι. [190] RV: κυνέα ἢ κυνοκράμβη· οἱ δὲ λινόζωστις ἀγρία ἄρρην, Ἄφροι ἁρμάς, οἱ δὲ ἀσουμέσλαβον. καυλὸν ἀνίησι δισπιθαμιαῖον, τρυφερόν, ὑπόλευκον, φύλλα ἐμφερῆ λινοζώστει ἢ κισσῷ, ὑπόλευκα ἐκ διαστημάτων, τὸν δὲ καρπὸν πρὸς τοῖς πετάλοις μικρόν, στρογγύλον προσκείμενον. δύναμιν δὲ ἔχει ὅ τε καυλὸς καὶ τὰ φύλλα πινόμενα κοιλίας κινητικὴν λαχανευόμενα, καθεψομένων τε τὸ ὕδωρ ἄγει χολὴν καὶ [ὑδατώδη.]",Mercury,,"1. Mercury: but some call it parthenion and others Hermou botanion. Its leaf is similar to that of basil, tending toward the leaf of helxine^''' but smaller; it has little sprays that have two joints and many closely packed axils. The female plant has much fruit in bunches, but the male %%A form of native sodium carbonate. Namely, a sufficient amount to enable one to shape them. 26 Dioscorides calls eX^ivr) two plants, 1) pellitory, IV, 89 and 2) bindweed, IV, 39. has small fruit hard by the leaves, round, lying in pairs like testicles. The entire little shrub is a span tall or taller. 2. Prepared like vegetables and eaten, both set the bowel going; and when boiled in water and their water is drunk, they remove bile and watery matter. And it is thought that the ground leaves of the female plant, when drunk and when applied to the genitalia after the menstrual period, cause the conception of a girl, and that those of the male plant, similarly used, promote the conception of males.",,,,,,,,,,,,,,,,,,,,
666,ANCHOR,DUP_ENTRY_GR|DUP_ENTRY_GR_META_MISMATCH|RV_CHAPTER_NO,DUP_ENTRY_GR__509323eb82ad|RV_CHAPTER__4__190_RV,3acd05eaa52b9090c900e75a1698aa78ea0e43fa09194d6c7c8c3e97d6dce54e,KEEP,,,2,339,339,4,190_RV,,,δ´,,,κυνέα ἢ κυνοκράμβη,,κυνέα ἢ κυνοκράμβη,"ἄνθος, καρπός, κλωνία, ῥίζα, φύλλα, λευκόν, μέγα","ἡλιοτρόπιον τὸ μέγα, ὃ ἔνιοι σκορπίουρον ἀπὸ τοῦ περὶ τὸ ἄνθος σχήματος ἐκάλεσαν, ἡλιοτρόπιον δὲ ἐκ τοῦ συμπεριτρέπεσθαι τὰ φύλλα τῇ τοῦ ἡλίου κλίσει· ἔχει τὰ φύλλα ὠκίμῳ παραπλήσια, δασύτερα δὲ καὶ μελάντερα, κλωνία ἀπὸ τῆς ῥίζης τρία ἢ τέσσαρα καὶ ἐκ τούτων μασχάλας πλείους· ἐπʼ ἄκρων δὲ ἄνθος λευκόν, ὑποπόρφυρον, ἐπικαμπὲς καθάπερ σκορπίου οὐρά· ῥίζα δὲ λεπτή, ἄχρηστος. φύεται δὲ ἐν τραχέσι τόποις. 2 τούτου ὅσον δέσμη ἀφεψηθεῖσα μεθʼ ὕδατος καὶ ποθεῖσα ἄγει φλέγμα καὶ χολὴν κατὰ κοιλίαν. ἁρμόζει δὲ καὶ σκορπιοπλήκτοις μετʼ οἴνου πινομένη καὶ καταπλασσομένη· ἔνιοι δὲ τὴν ῥίζαν τοῖς σκορπιοπλήκτοις περιάπτουσι πρὸς ἀπονίαν. φασὶ δὲ πρὸ μιᾶς ὥρας τῆς λήμψεως τοῦ καρποῦ τέσσαρας κόκκους μετʼ οἴνου ποθέντας τεταρταίους ἀπαλλάσσειν, τριταίους δὲ τρεῖς. καταπλασσόμενος δὲ ὁ καρπὸς μυρμηκίας καὶ ἀκροχορδόνας καὶ θύμια καὶ ἐπινυκτίδας ξηραίνει, τὰ δὲ φύλλα ποδάγραις καὶ στρέμμασι καὶ σειριῶσι παιδίοις ἐπιπλάττεται ὠφελίμως· κινεῖ δὲ καὶ ἔμμηνα καὶ ἔμβρυα λεῖα προστεθέντα.",Large heliotrope,,"1. Large heliotrope that some call scorpiouron^ from the shape of its flower and heliotropion because its leaves follow the sun to its setting. It has leaves nearly resembling those of basil except they are rougher and darker, two or three small twigs that grow from the root, and from them many axils. At the ends there is a white flower, slightly purple, and curling like a scorpion’s tail; the root is thin and useless. It grows in rough places. 2. A handful of it, boiled with water and drunk, removes phlegm and bile through the bowel. It is also suitable for people stung by scorpions when drunk with wine and when plastered on. Some bind the root on people stung by scorpions to free them from pain. And they say that four grains of fruit, drunk with wine one hour before an attack, get rid of quartan fevers and that three grains get rid of tertian fevers. Applied as a plaster, the fruit dries up warts that spread under the skin, warts that have a neck, large warts, and pustules that are most painful at night, and the leaves are beneficially plastered on for gout, sprains, and on children suffering from heatstroke. Inserted ground, up as a pessary, they move both the menstrual period and embryos/fetuses. %%70 I.e. scorpion-tailed.",,,,,,,,,,,,,,,,,,,,
667,ANCHOR,DUP_ENTRY_GR|DUP_ENTRY_GR_META_MISMATCH,DUP_ENTRY_GR__509323eb82ad,2e23540a53493f7b5f05615960809889900f4f7cb2223745095e91c8eb414bd6,KEEP,,,2,339,339,4,190,,,δ´,ρϟ´,,ἡλιοτρόπιον τὸ μέγα,,ἡλιοτρόπιον τὸ μέγα,"ἄνθος, καρπός, κλωνία, ῥίζα, φύλλα, λευκόν, μέγα","ἡλιοτρόπιον τὸ μέγα, ὃ ἔνιοι σκορπίουρον ἀπὸ τοῦ περὶ τὸ ἄνθος σχήματος ἐκάλεσαν, ἡλιοτρόπιον δὲ ἐκ τοῦ συμπεριτρέπεσθαι τὰ φύλλα τῇ τοῦ ἡλίου κλίσει· ἔχει τὰ φύλλα ὠκίμῳ παραπλήσια, δασύτερα δὲ καὶ μελάντερα, κλωνία ἀπὸ τῆς ῥίζης τρία ἢ τέσσαρα καὶ ἐκ τούτων μασχάλας πλείους· ἐπʼ ἄκρων δὲ ἄνθος λευκόν, ὑποπόρφυρον, ἐπικαμπὲς καθάπερ σκορπίου οὐρά· ῥίζα δὲ λεπτή, ἄχρηστος. φύεται δὲ ἐν τραχέσι τόποις. 2 τούτου ὅσον δέσμη ἀφεψηθεῖσα μεθʼ ὕδατος καὶ ποθεῖσα ἄγει φλέγμα καὶ χολὴν κατὰ κοιλίαν. ἁρμόζει δὲ καὶ σκορπιοπλήκτοις μετʼ οἴνου πινομένη καὶ καταπλασσομένη· ἔνιοι δὲ τὴν ῥίζαν τοῖς σκορπιοπλήκτοις περιάπτουσι πρὸς ἀπονίαν. φασὶ δὲ πρὸ μιᾶς ὥρας τῆς λήμψεως τοῦ καρποῦ τέσσαρας κόκκους μετʼ οἴνου ποθέντας τεταρταίους ἀπαλλάσσειν, τριταίους δὲ τρεῖς. καταπλασσόμενος δὲ ὁ καρπὸς μυρμηκίας καὶ ἀκροχορδόνας καὶ θύμια καὶ ἐπινυκτίδας ξηραίνει, τὰ δὲ φύλλα ποδάγραις καὶ στρέμμασι καὶ σειριῶσι παιδίοις ἐπιπλάττεται ὠφελίμως· κινεῖ δὲ καὶ ἔμμηνα καὶ ἔμβρυα λεῖα προστεθέντα.",Small heliotrope,,"Small heliotrope: it grows in swampy places and near marshes, having leaves closely resembling the leaves of the above but rounder, and round fruit hanging like thin-necked warts. The plant with the fruit when drunk with soda, hyssop, garden cress, and water can expel the flat and the round intestinal worms. It also lifts up warts that have thin necks when plastered on with salt.",,,,,,,,,,,,,,,,,,,,
668,CONTEXT,,,989040d8aeb4ca9759a5dbcedc16d0a3fe59061dcca47732ce6e39a08913b1dc,KEEP,,,2,339,339,4,192,,,δ´,ρϟβ´,,σκορπιοειδές,,σκορπιοειδές,φύλλα,σκορπιοειδές· βοτάνιον φύλλα ἔχον ὀλίγα καὶ σπέρματα οὐραῖς σκορπίου ἐμφερῆ. βοηθεῖ δὲ καταπλασσόμενα σκορπιοπλήκτοις.,Scorpionwort,,Scorpionwort: it is a small herb that has few leaves and seeds that resemble tails of scorpions. They help people stung by scorpions when plastered on.,,,,,,,,,,,,,,,,,,,,
669,CONTEXT,,,69ea7ba2fd5be3371b21bcb5d6ba689ba257532db4b87c15d6f49391c192ba06,KEEP,,,3,2,2,5,1,,,ε´,α´,,ἄμπελος οἰνοφόρος,,ἄμπελος οἰνοφόρος,"δάκρυον, φύλλα, τέφρα, χυλός","ἀμπέλου οἰνοφόρου τὰ φύλλα καὶ αἱ ἕλικες λεῖα καταπλασσόμενα κεφαλαλγίας πραύνουσι, καὶ φλεγμονὴν στομάχου καὶ καῦσον σὺν ἀλφίτῳ καὶ καθʼ ἑαυτὰ ἐπιτιθέμενα τὰ φύλλα, στυπτικὰ καὶ ψυκτικὰ ὄντα· καὶ ὁ ἐξ αὐτῶν δὲ χυλὸς ποθεὶς ὠφελεῖ δυσεντερικοὺς καὶ αἱμοπτοικοὺς καὶ στομαχικοὺς καὶ κισσώσας, καὶ ἀποβραχεῖσαι δὲ αἱ ἕλικες ἐν ὕδατι καὶ ποθεῖσαι τὰ αὐτὰ ποιοῦσι. τὸ δὲ δάκρυον αὐτῆς, ὅμοιον 2 ἂν κόμμει, περιπηγνύμενον τοῖς στελέχεσι, λίθους ἐκτινάσσει πινόμενον σὺν οἴνῳ· ἰᾶται δὲ καὶ λειχῆνας λέπρας ψώρας καταχριόμενον· δεῖ δὲ προεκνιτροῦν τὸν τόπον. σὺν ἐλαίῳ δὲ ἐπιχριόμενον συνεχῶς ψιλοῖ τρίχας, καὶ μάλιστα τὸ ἀπὸ τοῦ χλωροῦ κοιομένου κλήματος ἀφιδρούμενον, ὃ καὶ μυρμηκίας ἐπιχριόμενον ἐκβάλλει. ἡ δὲ ἐκ τῶν κλημάτων καὶ στεμφύλων τέφρα τὰ περὶ δακτύλιον ἀφαιρεθέντα κονδυλώματα καὶ θύμια σὺν ὄξει καταπλασθεῖσα θεραπεύει καὶ στρέμματα, καὶ ἐχεοδήκτοις βοηθεῖ καὶ σπληνὸς φλεγμονῇ σὺν ῥοδίνῳ καὶ πηγάνῳ καὶ ὄξει καταπλασσομένη.",Grapevine,,"1. Ground up and plastered on, the leaves and tendrils of the grapevine assuage headaches and, since they are astringent and possess a cooling property, they relieve inflammations of the stomach and heartbum when plastered on either with barley groats or by themselves. When drunk, their juice helps dysenteries, people who spit blood, those with stomach ailments, and pregnant women who crave for strange foods; even its tendrils do the same when soaked in water and drunk. 2. Its sap, which is similar to gum and congeals around the trunks, when drunk with wine expels stones. It also treats lichen-like eruptions of the skin, leprosies, and mange when smeared on. But you must first clean the area with soda. Smeared on repeatedly with olive oil it is depilatory, especially that sap that exudes from the green vine­ twig when it bums. This sap also gets rid of warts that spread below the skin. But the ashes of the vine-twigs and of the grape pressings, plastered on with vinegar, treat excised callous lumps around the anus, large warts, sprains, and when plastered on with unguent of roses, rue, and vinegar they help people bitten by vipers and for inflammations of the spleen.",,,,,,,,,,,,,,,,,,,,
