patch_id,book_no,chapter_no,field,op,old,new,expect_count,notes
LEMMA_GR_1_36,1,36,lemma_gr,SET,,"Κνιδίου κόκκου ἔλαιον",,"Set lemma_gr to clean heading"
LEMMA_GR_2_10,2,10,lemma_gr,SET,,"τέφρα καρκίνων ποταμίων",,"Set lemma_gr to clean heading"
EN_4_90_LEMMA,4,90,lemma_en,SET,,"Third kind of Houseleek or Stonecrop",,"Fix missing 'or' in lemma_en"
EN_4_90_OR,4,90,entry_en,REPLACE,"houseleek = stonecrop","houseleek or stonecrop",1,"Fix missing 'or' in entry_en"
EN_4_90_FOOTNOTE,4,90,entry_en,REPLACE,"%%ἀείζῳον, “everliving” or “evergreen.” ","",1,"Remove injected glossary footnote"
EN_4_75_FOOTNOTE,4,75,entry_en,REPLACE,"%%Described in Dsc. Bk. Ill, 17. n ","",1,"Remove injected footnote fragment"
EN_4_164_FOOTNOTE,4,164,entry_en,REPLACE,"58 %%“Myrtle spurge.” “Sea spurge.” ' ^5 “Sun spurge.” “Cypress spurge.” “Tree-like spurge.” ","",1,"Remove injected footnote block"
EN_1_120_SORB,1,120,entry_en,REPLACE,"Sorb apples’\""*26 ","Sorb apples ",1,"Remove OCR/footnote noise"
EN_5_162_FOOTNOTE,5,162,entry_en,REPLACE,"%%A bituminous earth. See Pliny, N. H., 35. 194. ","",1,"Remove injected footnote fragment"
EN_5_162_AREIOS_DEDUP,5,162,entry_en,REGEX_REPLACE,"(And now, dear Areios, this should be enough, since I think that both the length of my composition and the quantity of medicinal materials and remedies are quite adequate to set this work aside\.)\s*\1\s*$","\1",1,"De-duplicate repeated closing sentence"
GR_5_74_SPAIN,5,74,entry_gr,REPLACE,Σπαπληρωτικήν,Σπανίας,1,"Fix OCR corruption (Spain)"
GR_5_17_SIX,5,17,entry_gr,REPLACE,q΄,ϛ΄,1,"Fix OCR numeral (six)"
GR_5_42_SIX,5,42,entry_gr,REPLACE,q΄,ϛ΄,1,"Fix OCR numeral (six)"
GR_1_100_TAG,1,100,entry_gr,REGEX_REPLACE,"^s\s*100\s+","",1,"Remove stray chapter marker prefix"
GR_2_23_ORCHIS,2,23,entry_gr,REPLACE,ὄδρχις,ὄρχις,1,"Fix typo"
GR_2_47_HYDRO,2,47,entry_gr,REPLACE,ὑδροφόβᾳ,ὑδροφοβίᾳ,1,"Fix typo"
GR_2_63_SPACE,2,63,entry_gr,REPLACE,ἔνιοικαλοῦσι,ἔνιοι καλοῦσι,1,"Insert missing space"
GR_2_118_MALLOWS,2,118,entry_gr,REPLACE,μολόζη·,μολόχη·,1,"Fix plant name typo"
GR_2_132_EYES,2,132,entry_gr,REPLACE,ὀχθαλμῶν,ὀφθαλμῶν,1,"Fix OCR confusion"
GR_4_68_USEFUL,4,68,entry_gr,REPLACE,ὠφελίμμς,ὠφελίμως,1,"Fix OCR typo"
GR_4_68_BREAK,4,68,entry_gr,REPLACE,"παρακο πὴν","παρακοπὴν",1,"Fix broken word"
GR_2_56_1,2,56,entry_gr,REPLACE,τρώτης,πρώτης,1,"OCR cluster fix"
GR_2_56_2,2,56,entry_gr,REPLACE,σελίνῆς,σελήνης,1,"OCR cluster fix"
GR_2_56_3,2,56,entry_gr,REPLACE,ἐτιλημπτικοὺς,ἐπιλημπτικοὺς,1,"OCR cluster fix"
GR_2_56_4,2,56,entry_gr,REPLACE,ἀυτοκαταστήσεις,ἀποκαταστήσεις,1,"OCR cluster fix"
GR_2_56_5,2,56,entry_gr,REPLACE,ῤξυωπίας,ὀξυωπίας,1,"OCR cluster fix"
GR_2_56_6,2,56,entry_gr,REPLACE,ῤξυδερκίαν,ὀξυδερκίαν,1,"OCR cluster fix"
GR_2_66_1,2,66,entry_gr,REPLACE,"σκίγκ ρς.","σκίγκος.",1,"OCR cluster fix"
GR_2_66_2,2,66,entry_gr,REPLACE,"δ δὲ νδικὸς","ὁ δὲ Ἰνδικὸς",1,"OCR cluster fix"
GR_2_66_3,2,66,entry_gr,REPLACE,ρμητικὴν,ὁρμητικὴν,1,"OCR cluster fix"
GR_2_76_1,2,76,entry_gr,REPLACE,χμωρὶς,χωρὶς,1,"OCR cluster fix"
GR_2_76_2,2,76,entry_gr,REPLACE,χμροῦσαν,χωροῦσαν,1,"OCR cluster fix"
GR_2_76_3,2,76,entry_gr,REPLACE,θυίον,θυΐαν,1,"OCR cluster fix"
GR_2_76_4,2,76,entry_gr,REPLACE,ἐξενίσας,ἐξυμενίσας,1,"OCR cluster fix"
EN_1_64_ORPHAN_FOOTNOTE,1,64,entry_en,REPLACE,"ears. produced.’ 5.","ears. 5.",1,"Remove orphaned footnote fragment"
EN_2_110_WILD_TURNIP,2,110,entry_en,REPLACE,"2. dypia yoyyukri. Eastern cress grows in fields.","2. The wild turnip grows in fields.",1,"Fix mistranslated/mis-OCR opening for wild turnip section"
EN_4_164_FOOTNOTE_BROAD,4,164,entry_en,REPLACE,"%%58 “Broad-leaved spurge.” ","",1,"Remove injected footnote fragment"
EN_4_164_FOOTNOTE_SUN,4,164,entry_en,REPLACE,"%%59 From fiXioi;, “sun” and the suffix okoji- of OKOJteuo), “look toward.” ","",1,"Remove injected footnote fragment"
EN_2_38_STRIP_MISPLACED_FOOTNOTES,2,38,entry_en,REGEX_REPLACE,"\s*%%17[\s\S]*$","",1,"Strip misplaced fish footnotes from end of row"
EN_2_50_REMOVE_MISPLACED_FOOTNOTE_19,2,50,entry_en,REPLACE,"%%19 All four plants are described as being cathartic. See Dsc. Bk. II, 122, IV, 186, 188, and 189. ","",1,"Remove misplaced footnote"
EN_2_55_STRIP_MISPLACED_SERPENT_FOOTNOTE,2,55,entry_en,REGEX_REPLACE,"\s*%%22;[\s\S]*$","",1,"Strip misplaced serpent/vulture footnote from end of row"
EN_3_104_REPAIR_LILY_FOOTNOTE_INTRUSION,3,104,entry_en,REPLACE,"%%The reference is to Turk’s cap lily, Lilium chalcedonicum L. The meaning is made clear by the etymology of pskirraiva, a compound word from ","those of the ",1,"Repair lily footnote intrusion that breaks the sentence"
EN_2_79_REMOVE_MASSIVE_ETYMOLOGY_FOOTNOTE_TAIL,2,79,entry_en,REGEX_REPLACE,"\s*%%The Greek text reads[\s\S]*$","",1,"Remove massive appended etymology footnote tail"
EN_1_68_BUM_TO_BURN,1,68,entry_en,REGEX_REPLACE,"\bbum(s)?\b","burn\1",7,"Fix OCR rn/m (bum->burn) in this row"
EN_5_76_BUM_TO_BURN,5,76,entry_en,REGEX_REPLACE,"\bbum(s)?\b","burn\1",2,"Fix OCR rn/m (bum->burn) in this row"
EN_5_108_BUM_TO_BURN,5,108,entry_en,REGEX_REPLACE,"\bbum(s)?\b","burn\1",1,"Fix OCR rn/m (bum->burn) in this row"
EN_5_88_BUM_TO_BURN,5,88,entry_en,REGEX_REPLACE,"\bbum(s)?\b","burn\1",1,"Fix OCR rn/m (bum->burn) in this row"
EN_1_43_IO_TO_10,1,43,entry_en,REPLACE,"into the io litrai","into the 10 litrai",1,"Fix misread measure"
EN_1_47_LILRPI_TO_LITRAI,1,47,entry_en,REPLACE,"five lilrpi olive oil","five litrai olive oil",1,"Fix misread unit"
EN_4_113_HOODED_TO_FLOODED_AND_DROP_QUOTE,4,113,entry_en,REGEX_REPLACE,"fields are Hooded:\s*\x5c\x22\s*","fields are flooded: ",1,"Fix Hooded->flooded and drop stray quote artifact"
EN_5_75_POMHOLYX_TYPO,5,75,entry_en,REPLACE,"Pomholyx","Pompholyx",1,"Fix typo"
EN_4_37_PRESTER_TYPO,4,37,entry_en,REPLACE,"plester)","prester)",1,"Fix typo"
EN_1_112_NUMBERING_GLITCH,1,112,entry_en,REGEX_REPLACE,"^1\s+5\s+The cultivated myrtle","1. The cultivated myrtle",1,"Fix numbering glitch"
EN_3_104_DOUBLE_THE_FIX,3,104,entry_en,REPLACE,"resemble the those of the","resemble those of the",1,"Fix post-patch double-the artifact"
GR_4_151_PRES_PREFIX,4,151,entry_gr,REGEX_REPLACE,"^\[151\s+","",1,"Strip section-number presentation prefix from Greek"
EN_4_151_FOOTNOTE,4,151,entry_en,REGEX_REPLACE,"\]49\s*%%.*$","",1,"Strip trailing footnote marker and footnote text"
