book,chapter,section,subsection,line,contents
15,1,25,1,1,"Γῆ πᾶσα ξηραντικὴν ἔχει δύναμιν, καὶ ὅταν γε ἀκριβῶς ᾖ πυρώδους ἄμικτος οὐσίας, ἀδηκτότατα ξηραίνει· συντελεῖ δ' εἰς τοῦτο αὐτῇ τὸ πεπλύσθαι."
15,1,25,2,1,Ἡ δὲ Σαμία γῆ ψυκτικὴν μετρίως ἔχει δύναμιν.
15,1,25,3,1,Ῥυπτικὴν δὲ δύναμιν ἔχει μετρίαν πάνυ Σελινουσία τε γῆ καὶ Χία καὶ χωρὶς θάλψεως ἢ ψύξεως ἐπιφανοῦς.
15,1,25,4,1,"Ἡ δὲ Κιμωλία μικτῆς οὖσα δυνάμεως ἔχει μέν τι καὶ ψυκτικόν, ἔχει δέ τι καὶ διαφορητικὸν βραχύ· διὸ πλυθεῖσα μὲν ἀποτίθεται τοῦτο, χωρὶς δὲ τοῦ πλυθῆναι κατ' ἀμφοτέρας ἐνεργεῖ τὰς δυνάμεις."
15,1,25,5,1,"παρὰ δὲ τὴν τῶν μιγνυμένων ὑγρῶν αὐτῇ δύναμιν ἐναργῶς ἐπιδείκνυται τῶν δυνάμεων ἑκατέραν· τοῖς μὲν γὰρ ἀποκρουομένοις καὶ ψύχουσι μιχθεῖσα τὸν γινόμενον ἐξ αὐτῆς τε κἀκείνων πηλὸν ἐργάζεται ψύχοντά τε καὶ ἀποκρουόμενον, τοῖς δὲ διαφορητικοῖς διαφοροῦντα."
15,1,25,6,1,"Ἡ δ' ἀμπελῖτις γῆ φαρμακωδεστέρα τυγχάνουσα ξηραίνει καὶ διαφορεῖ, τὸ ἄδηκτον καὶ παρηγορικὸν οὐκ ἔχουσα, καθάπερ ἡ Σαμία τε καὶ ἡ Χία καὶ ἡ Σελινουσία."
15,1,25,7,1,"Καὶ ἡ Κιμωλία δὲ βραχὺ τούτων ἰσχυροτέρα τυγχάνουσα ἄδηκτός ἐστιν ἔτι, καὶ μάλιστα εἰ πλυθείη."
15,1,25,8,1,"Καὶ ἡ Κρητικὴ δὲ γῆ παραπλησία πώς ἐστι ταύταις, ἀλλ' ἱκανῶς ἀσθενὴς ὑπάρχει, πολὺ τὸ ἀερῶδες ἔχουσα· τὸ μέντοι ῥυπτικὸν ἔχει."
15,1,25,8,1,Τούτων δὲ πασῶν ἡ Λημνία δύναμιν ἰσχυροτέραν ἔχει· πρόσεστι γὰρ αὐτῇ <τι> καὶ στύψεως.
15,1,25,10,1,"Ἡ δ' Ἐρετριὰς ἔτι καὶ ταύτης ἰσχυροτέρα, οὐ μὴν ὥστε ἤδη δάκνειν· ἂν δὲ καὶ πλυθῇ, πάνυ μετρία γίνεται παραπλησίως ταῖς προειρημέναις. καὶ μέντοι καὶ καίουσιν αὐτὴν ἔνιοι ποιοῦντες λεπτομερεστέραν, ὡς ἐς τὴν διαφορητικὴν μεταπίπτειν δύναμιν."
15,1,25,12,1,"εἰ δὲ πλυθείη καυθεῖσα, ἀποτίθεται μὲν τὸ δριμύ, τὸ δ' ἐκ τῆς ὀπτήσεως λεπτομερὲς ἔχουσα ξηραντικωτέρα γίνεται."
15,1,25,13,1,"Ἔστι δὲ καὶ ἄλλη γῆ ἰπνῖτις ὀνομαζομένη, κατὰ μὲν τὴν ὅλην δύναμιν ἐοικυῖα τῇ Κιμωλίᾳ, κατὰ δὲ τὴν χρόαν μέλαινα ὁμοίως τῇ ἀμπελίτιδι."
15,1,25,14,1,"Ἔστι δὲ καὶ ἄλλη τις ἐξ Ἀρμενίας τῆς ὁμόρου Καππαδοκίας γῆ ξηραντικωτάτη, τὴν χρόαν ὠχρά, εὐλειοτάτη καθάπερ ἡ τίτανος."
15,1,25,15,1,"ὀνομάζεται δὲ τῇ μὲν ἐκείνων φωνῇ ζάρινα, κατὰ δὲ τὴν Συρίαν ζάρναχα, τὸ δ' ὄρος ἐν ᾧ γεννᾶται πόλεώς ἐστιν ὀνομαζομένης Βαγαουάνα, ὁ δ' ἀγρὸς ἐν ᾧ τὸ ὄρος Ἀγάρρα."
15,1,25,16,1,"Καὶ αὐτὴν μὲν οὖν τὴν ἄμικτον γῆν ἄλλῃ τινὶ τῶν ἑτερογενῶν οὐσιῶν ξηραντικῆς ἀδήκτως εἶναι δυνάμεως νομιστέον· ἐπεὶ δ' ἀδύνατόν ἐστιν ἄμικτον εὑρεῖν ἀκριβῶς τι σῶμα, προσεπισκέπτεσθαι χρὴ τὴν μῖξιν ἐκ τῶν συμβεβηκότων αὐτῇ κατά τε τὰς ἐν κουφότητι καὶ βαρύτητι διαφορὰς καὶ τὰς ἐν τῇ γεύσει· στύψεως μὲν γάρ τινος ἔμφασιν ἔχουσα τοσοῦτον προσείληφε ψύξεως ὅσον καὶ στύψεως· εἰ δὲ δριμύτητος ἐμφαίνοιτό τι, τοσοῦτον ἕξει θερμότητος ὅσον δριμύτητος."
15,1,25,17,1,"ὡσαύτως δ' ἐπὶ τῆς κούφης τε καὶ βαρείας σκοπεῖσθαι, τῆς μὲν κούφης τοιαύτης γινομένης, ὅταν ἀερώδους οὐσίας μετέχῃ δαψιλοῦς ἐν τῇ δι' ὅλης ἑαυτῆς κράσει, τῆς δὲ βαρείας, ὅσῳπερ ἂν ᾖ μᾶλλον τοιαύτη, τοσούτῳ μᾶλλον εἰλικρινεστέρας γῆς ὑπαρχούσης."
15,1,25,18,1,"ἴδιον δὲ γῆς ἐστι τὸ μὴ χεῖσθαι πυρὶ πλησιάζουσαν, ἥτις εἰς πηλὸν λύεται ῥᾳδίως ὕδατι τεγγομένη."
15,1,26,1,1,Ὁ μὲν αἱματίτης λίθος τοσοῦτον μετέχει ψύξεως ὅσον καὶ στύψεως· ὁ δὲ μελιτίτης συμμέτρου θερμότητος διὰ τὴν σύμμετρον γλυκύτητα· μέσην δ' ἀμφοῖν κρᾶσιν ὁ γαλακτίτης ἔχει.
15,1,26,1,1,"Τῷ δ' αἱματίτῃ λίθῳ παραπλησίαν μέν, ἀσθενεστέραν δὲ δύναμιν ὁ σχιστὸς καλούμενος ἔχει."
15,1,26,3,1,"Κοινοῦ δὲ τοῦ ξηραίνειν ὑπάρχοντος ἅπασι τοῖς λίθοις, ὅσοι μὲν αὐτῶν εἰς χυλὸν λυθέντες οὐδεμίαν ἐναργῆ κατὰ τὴν γεῦσιν ἔχουσι ποιότητα, τούτους μὲν ἡγητέον ἀσθενεστάτους καὶ ἀδηκτοτάτους, ὅσοι δὲ φαίνονται σαφῆ τινα ποιότητα κατὰ τὴν γεῦσιν ἐνδεικνύμενοι, τῆς ποιότητος ἀνάλογον ἔχειν τὴν ἰσχύν, εἰ μὲν στύφοιεν, εἰς τὸ καταστεῖλαι καὶ σφίγξαι καὶ πιλῆσαι καὶ συναγαγεῖν, εἰ δὲ δάκνοιεν, εἰς τὸ θερμῆναί τε καὶ διαφορῆσαι καὶ τῆξαι· μέσοι δ' αὐτῶν εἰσιν οἱ ῥύπτοντες μόνον ἄνευ τοῦ στύφειν ἢ δάκνειν."
15,1,26,4,1,"ὁ μὲν οὖν αἱματίτης καὶ ὁ σχιστὸς καὶ ὁ γαλακτίτης ὅ τε μελιτίτης εἰς χυλὸν ἀναλύονται παρατριβόμενοι θυείαις καὶ ἀκόναις, ὄντων καὶ ἄλλων εἰς χυλὸν λυομένων λίθων, ὥσπερ καὶ οὗτος ὁ κατ' Αἴγυπτον γεννώμενος, ᾧ χρῶνται στιλπνοῦντες τὰς ὀθόνας· ἔστι δ' ἀποιότερος τῶν εἰρημένων, οὔτε στῦψιν οὔτε ῥύψιν οὔτε δῆξιν ἐμφαίνων, ὅθεν αὐτὸ δὴ τοῦτο μόνον ὑπάρχει τῷ λίθῳ τούτῳ τὸ ξηραίνειν."
15,1,26,5,1,"Ἁπάντων δὲ τῶν εἰρημένων λίθων ἰσχυροτέραν ἔχει τὴν δύναμιν ὁ ἐκ τῆς Αἰθιοπίας κομιζόμενος ὑπόχλωρος ποσῶς, ὁ ἴασπις."
15,1,26,6,1,"οὗτος ὁ λίθος εἰς χυλὸν γαλακτώδη κατὰ τὴν χρόαν ἀνίεται, δακνώδης δ' ὑπάρχει γευομένοις."
15,1,26,7,1,"Ἔστι δὲ καὶ ἄλλος λίθος ἰσχυρὸς τὴν δύναμιν ἐν τῇ Παλαιστίνῃ Συρίᾳ γεννώμενος, Ἰουδαϊκὸς ὀνομαζόμενος."
15,1,26,8,1,Εἷς τῶν ἰσχυρὰν δύναμιν ἐχόντων ἐστὶ καὶ ὁ πυρίτης.
15,1,26,9,1,καθόλου δ' οἱ δριμεῖς χρήσιμοι πρὸς τὸ ῥύψαι τε καὶ ἀποσμῆξαι καὶ ἀφελεῖν λεπτῦναί τε καὶ διαφορῆσαι καὶ σφοδρῶς ξηρᾶναί τε καὶ τῆξαι.
15,1,26,10,1,"Ταύτης τῆς δυνάμεως ἔχεται καὶ ὁ Φρύγιος· ξηραίνει γὰρ ἰσχυρῶς, ἔχων τι καὶ στύψεως ἅμα καὶ δήξεως."
15,1,26,11,1,"Ἔστι δὲ καὶ ὁ ἀγήρατος καλούμενος λίθος μικτῆς δυνάμεως, στυπτικῆς καὶ διαφορητικῆς."
15,1,26,12,1,"Τὸ δὲ τῆς Ἀσσίας πέτρας ἄνθος λεπτομερές ἐστιν, ὡς ἀδήκτως τὰς πλαδαρὰς σάρκας ἐκτήκειν."
15,1,26,13,1,"ὁμοίαν δ' αὐτῷ δύναμιν ἔχουσα καὶ ἡ πέτρα, καθ' ἣν γεννᾶται, τῷ σφοδρῷ τῆς ἐνεργείας ἀπολείπεται· πλεονεκτεῖ γὰρ αὐτῆς τὸ ἄνθος <οὐ> μόνον τῷ μᾶλλον ἐκτήκειν τε καὶ διαφορεῖν καὶ ταριχεύειν, ἀλλὰ καὶ τῷ χωρὶς δήξεως ἰσχυρᾶς ταῦτα ποιεῖν."
15,1,26,14,1,"ἔχει δέ τι καὶ ἁλμυρὸν ἐν τῇ γεύσει τουτὶ τὸ τῆς Ἀσσίας πέτρας ἄνθος, ὡς εἰκάσαι τὴν γένεσιν ἴσχειν αὐτό, δρόσου τινὸς ἐκ τῆς θαλάσσης ἐφιζανούσης τῇ πέτρᾳ κἄπειτα ξηραινομένης ὑπὸ τοῦ ἡλίου."
15,1,26,15,1,"Τῶν λίθων δ' ἐστὶ μία καὶ ἡ μαγνῆτίς τε καὶ Ἡρακλεία καλουμένη, παραπλησίαν ἔχουσα τῷ αἱματίτῃ τὴν δύναμιν."
15,1,26,16,1,"Ὅ γε μὴν Ἀράβιος καλούμενος λίθος, ἐοικὼς ἐλέφαντι, ξηραντικῆς τε καὶ ῥυπτικῆς ἐστι δυνάμεως."
15,1,26,17,1,Καὶ ὁ ἀλαβαστρίτης καλούμενος λίθος εἰς χρείαν ἰατρικὴν ἔρχεται καυθείς.
15,1,26,18,1,Καὶ ἡ καλουμένη δὲ σμύρις ἱκανῶς ῥυπτικῆς ἐστι δυνάμεως.
15,1,26,19,1,"Εἰ δὲ καὶ ἡ κίσηρις ἐν τοῖς λίθοις ἀριθμεῖται, καὶ αὕτη τῆς αὐτῆς ἐστι δυνάμεως ὅσον ἐπὶ τῷ ῥύπτειν, ὥσπερ γε τὸ ἐκ τῶν κεραμίδων ὄστρακον, ἔτι τε μᾶλλον αὐτοῦ τὸ ἐκ τῶν κλιβάνων· ἀλλ' ἥ γε σμύρις ἔχει τι καὶ δριμύ, καὶ διὰ τοῦτό τινες αὐτὴν μιγνύουσι καυστικαῖς τε καὶ ξηραντικαῖς δυνάμεσιν."
15,1,26,20,1,καυθεῖσα δὲ κίσηρις οὐκ ἀπολείπεται σμύρεως εἰς τὰς αὐτὰς χρείας.
15,1,26,21,1,"Εἰσὶ δὲ καὶ οἱ ἐν τοῖς σπόγγοις εὑρισκόμενοι λίθοι θρυπτικῆς δυνάμεως οὐκ ἰσχυρᾶς, ὥσπερ καὶ οἱ ἐκ γῆς Καππαδοκίας, οὓς ἐν τῷ Ἀργαίῳ φασὶ γεννᾶσθαι."
15,1,26,22,1,"λύονται δ' εἰς χυλὸν οὗτοι γαλακτώδη κατὰ τὴν χρόαν, ὥστε εὔδηλον ὅτι λεπτυντικῆς εἰσι δυνάμεως ἄνευ τοῦ θερμαίνειν ἐπιφανῶς."
15,1,26,23,1,"Τὸν δ' ὀστρακίτην ὀνομαζόμενον λίθον ἐπαινούντων ἀκούω τινῶν, ὡς ξηραντικὴν ἱκανῶς ἔχοντα δύναμιν ἐκ στύψεώς τε καὶ δριμύτητος ἐπιμεμιγμένων, ὥσπερ γε καὶ τὸν καλούμενον γεώδη ῥύπτειν."
15,1,26,24,1,Τό γε μὴν τῆς Ναξίας ἀκόνης ἀπότριμμα ψυκτικῆς ἐστι δυνάμεως.
15,1,26,25,1,"Καὶ ὁ ὀφίτης δὲ καλούμενος λίθος ῥυπτικῆς τε καὶ θρυπτικῆς ἐστι δυνάμεως, ὥσπερ καὶ ἡ ὕαλος· ἱκανῶς γὰρ καὶ αὕτη θρύπτει πινομένη δι' οἴνου λευκοῦ καὶ λεπτοῦ τοὺς ἐν κύστει λίθους."
15,1,26,26,1,"Ἰδιότητα δέ τινες ἐνίοις λίθοις μαρτυροῦσι τοιαύτην οἵαν ὄντως ἔχει καὶ ὁ χλωρὸς ἴασπις, ὠφελῶν τόν τε στόμαχον καὶ τὸ τῆς γαστρὸς στόμα περιαπτόμενος."
15,1,26,27,1,"τούτου μὲν οὖν τοῦ λίθου κἀγὼ πεῖραν ἱκανὴν ἔχω, καὶ ὁρμάθιόν γέ τι ποιήσας ἐκ λιθιδίων τοιούτων ἐξῆπτον τοῦ τραχήλου σύμμετρον οὕτως ὡς ψαύειν τοὺς λίθους τοῦ στόματος τῆς γαστρός, ἐφαίνοντό τε ὠφελοῦντες σαφῶς."
15,1,26,28,1,τὸν δ' ὀφίτην λίθον ἀνὴρ ἀξιόπιστος ὄντως ἔφη τοὺς ἐχεοδήκτους ὠφελεῖν περιαπτόμενον.
15,1,27,1,1,"Ἅλες οἵ τε ὀρυκτοὶ καὶ οἱ ἐκ τῆς θαλάσσης δύναμιν ἔχουσι παραπλησίαν ἀλλήλοις, μικτὴν ἐκ δυοῖν ποιοτήτων ῥυπτικῆς τε καὶ στυπτικῆς· ὅτι δ' ἱκανῶς ἀμφότεραι ξηραίνουσι, δέδεικται σαφῶς πρόσθεν."
15,1,27,2,1,διαφέρουσι δὲ τῷ μᾶλλον πεπιλῆσθαι τὴν οὐσίαν τῶν ἐκ τῆς γῆς ἁλῶν· διὸ καὶ τὸ παχυμερές τε καὶ τὸ στῦφον ἐν τούτοις μᾶλλόν ἐστιν.
15,1,27,3,1,"Οἱ δὲ κεκαυμένοι τῶν ἁλῶν τὸ μὲν διαφορητικὸν μᾶλλον ἔχουσι τῶν ἀκαύστων, εἰς ὅσον αὐτῶν λεπτομερέστερον γίνεται τὸ σῶμα, οὐ μὴν ὁμοίως γε τοῖς ἀκαύστοις συνάγειν τε καὶ πιλεῖν τὴν στερεὰν οὐσίαν ἔτι δύνανται."
15,1,27,4,1,Ἀρμενιακὸν δύναμιν ἔχει ῥυπτικὴν ἅμα βραχείᾳ δριμύτητι καὶ στύψει βραχυτάτῃ.
15,1,27,5,1,"Ἀρσενικὸν καυστικῆς ἐστι δυνάμεως, ἄκαυστόν τε καὶ κεκαυμένον· εὔδηλον δ' ὅτι λεπτομερέστερον γίνεται καυθέν."
15,1,27,6,1,"Ἀφρόλιτρον ἀφρονίτρου διαφέρει· λίτρου μὲν γὰρ ἀφρὸς ξηραντικόν ἐστι φάρμακον ἀλεύρῳ πυρίνῳ παραπλήσιος ὀφθῆναι· ἀφρόνιτρον δ' οὐκ ἀλευρῶδες οὐδὲ διακεχυμένον, ἀλλὰ πεπηγός ἐστι καὶ συνεστός, ᾧ πάντες οἱ ῥυπῶντες ἐν τοῖς βαλανείοις χρῶνται, ῥυπτικὴν ἔχοντι δύναμιν καὶ διαφορητικήν."
15,1,27,7,1,"ὁ δ' ἀφρὸς τοῦ λίτρου τῆς αὐτῆς μέν ἐστι φύσεως, λεπτομερεστέραν δ' ἔχει τὴν οὐσίαν, ἐν τῷ μεταξὺ δὲ κατὰ τὴν δύναμίν ἐστι τὸ λίτρον ἀφρονίτρου τε καὶ ἁλῶν· ἀφρονίτρῳ μὲν γὰρ ἡ ῥυπτικὴ δύναμις ὑπάρχει μόνη, τοῖς δ' ἁλσὶ καὶ ἡ στυπτική, τῷ λίτρῳ δ' ἀμφότεραι μέν εἰσιν, ἀλλ' ἐλαχίστη μὲν ἡ στυπτική, πολὺ πλείων δ' ἡ ῥυπτική."
15,1,27,8,1,"Γύψος πρὸς τῇ κοινῇ πάντων γεωδῶν τε καὶ λιθωδῶν σωμάτων δυνάμει, καθ' ἣν ἐλέγετο ξηραίνειν, ἔτι καὶ τοῦτο προσείληφεν· ἐμπλαστικῆς ἐστι δυνάμεως."
15,1,27,9,1,"Καυθεῖσα δὲ γύψος τὸ μὲν ἐμπλαστικὸν οὐχ ὁμοίως ἔχει, λεπτομερεστέρα δὲ καὶ ξηραντικωτέρα γίνεται, καὶ μέντοι καὶ ἀποκρουστική, καὶ μάλιστα ὅταν ὀξυκράτῳ δευθῇ."
15,1,27,10,1,Διφρυγὲς μικτῆς ἐστι ποιότητος καὶ δυνάμεως· ἔχει γάρ τι καὶ στῦφον ἐν ἑαυτῷ καὶ δριμὺ μετρίως.
15,1,27,11,1,"Θεῖον ἅπαν ἑλκτικῆς ἐστι δυνάμεως, θερμὸν μὲν τῇ κράσει, λεπτομερὲς δὲ κατὰ τὴν οὐσίαν ὑπάρχον."
15,1,27,12,1,"Ἰὸς δριμεῖαν ἔχει γευομένοις ποιότητα, διαφορητικός τε καὶ καθαιρετικὸς καὶ τηκτικὸς ὢν οὐχ ἁπαλῆς μόνον, ἀλλὰ καὶ σκληρᾶς σαρκός."
15,1,27,13,1,"Καδμεία ξηραντικῆς τε καὶ βραχείας ἐστὶ ῥυπτικῆς <δυνάμεως>, ἐν δὲ τῇ κατὰ θερμότητα καὶ ψῦξιν διαφορᾷ σύμμετρός πώς ἐστιν."
15,1,27,14,1,"καὶ λεπτομερεστέρα δ' ἡ βοτρυῗτις, παχυμερεστέρα δ' ἡ πλακῖτις."
15,1,27,15,1,Κιννάβαρι δριμείας μετρίως δυνάμεώς ἐστιν· ἔχει δέ τι καὶ στύψεως.
15,1,27,16,1,"Κίσηρις ἔχει τι ῥυπτικόν· ἡ δὲ κεκαυμένη λεπτομερεστέρα γίνεται, ἀλλ' ἐν τῇ καύσει προσλαμβάνει τι δριμὺ καὶ ἀποτίθεται πάλιν αὐτὸ πλυνομένη."
15,1,27,17,1,"Κύανος δριμείας ἐστὶ δυνάμεως, καθαιρετικῆς τε καὶ διαφορητικῆς πλείονος ἢ κατὰ τὸ κιννάβαρι· μετέχει δὲ καὶ στύψεως."
15,1,27,18,1,"Λεπὶς ἡ μέν τίς ἐστι χαλκοῦ, ἡ δέ τις σιδήρου τε καὶ στομώματος, ὀνομάζουσι δέ τινα καὶ ἡλῖτιν λεπίδα."
15,1,27,19,1,"ξηραίνουσι μὲν οὖν ἰσχυρῶς ἅπασαι, διαφέρουσι δ' ἀλλήλων αὐτῷ τε τῷ [κατὰ τὸ] ξηραίνειν ἧττόν τε καὶ μᾶλλον καὶ τῷ λεπτομερεστέρας ἢ παχυμερεστέρας οὐσίας εἶναι καὶ τῷ στύψεως μετέχειν ἧττόν τε καὶ μᾶλλον."
15,1,27,20,1,"ἡ μὲν οὖν τοῦ χαλκοῦ λεπὶς ἐν τῷ ξηραίνειν πρωτεύει (καὶ γὰρ λεπτομερεστέρα τῶν ἄλλων ἐστί, προσειληφυῖά τι καὶ ἰοῦ)· [καὶ] στύψεως δὲ πλείονος ἡ τοῦ σιδήρου μετέχει, καὶ ταύτης ἔτι μᾶλλον ἡ τοῦ στομώματος."
15,1,27,21,1,"καθαιρεῖ δὲ καὶ τήκει σάρκα μᾶλλον ἡ τοῦ χαλκοῦ, ταύτης δ' ἔτι μᾶλλον ἡ ἡλῖτις."
15,1,27,22,1,"πᾶσαι δὲ λεπίδες δακνώδεις εἰσὶν οὐκ ἀγεννῶς, καὶ δῆλον ὡς ἡ τῆς οὐσίας αὐτῶν σύστασις οὐ πάνυ τι λεπτομερής ἐστιν, ἀλλὰ παχυμερὴς μᾶλλον· ἀδηκτότατον γὰρ ἀεὶ τῶν τὴν αὐτὴν δύναμιν ἐχόντων ἐστὶ τὸ λεπτομερέστερον."
15,1,27,23,1,"Λιθάργυρος ξηραίνει μὲν ὥσπερ καὶ τὰ ἄλλα πάντα μεταλλικά, μετριώτατά γε μὴν τοῦτο ποιεῖ, καὶ κατὰ τὰς ἄλλας δὲ ποιότητας καὶ δυνάμεις ἐν τῷ μέσῳ πώς ἐστιν, οὔτε θερμαίνουσα σαφῶς οὔτε ψύχουσα καὶ τοῦ ῥύπτειν τε καὶ στύφειν μετρίως μετέχουσα."
15,1,27,24,1,"τῆς μέσης οὖν τάξεως εἰκότως ἂν ἐν τοῖς μεταλλικοῖς ὀνομάζοιτο· διὸ καὶ ὡς ὕλῃ χρώμεθα πολλάκις αὐτῇ, μιγνύντες τοῖς ἰσχυρὰν ἔχουσι δύναμιν, ἢ δάκνουσαν ἢ στύφουσαν ἢ ὁτιοῦν ἄλλο ποιοῦσαν."
15,1,27,25,1,"Λίτρον ξηραίνει καὶ διαφορεῖ, καὶ εἰ ἔσω τοῦ σώματος ληφθείη, τέμνει καὶ λεπτύνει τοὺς παχεῖς χυμοὺς πολὺ μᾶλλον ἀφρολίτρου· μὴ μεγάλης δ' ἀνάγκης οὔσης, οὐδὲ καταπίνει τις ἀφρόλιτρον κακοστόμαχον ὄν, ἐπεί τοι μᾶλλόν ἐστι λίτρου τμητικόν."
15,1,27,26,1,Μελαντηρία τῶν στυφόντων ἐστὶν ἱκανῶς φαρμάκων μετὰ τοῦ καὶ λεπτομερὴς εἶναι σχεδὸν ἁπάντων τῶν στυφόντων μάλιστα.
15,1,27,"27,28",1,Μέλαν ᾧ γράφομεν· ἱκανῶς καὶ τοῦτο ξηραίνει.
15,1,27,"27,28",1,"Τὸ μίσυ καὶ τὸ σῶρι καὶ ἡ χαλκῖτις ὁμογενοῦς εἰσι δυνάμεως, διαφέροντα λεπτομερείᾳ τε καὶ παχυμερείᾳ· παχυμερέστατον γὰρ ἐν αὐτοῖς τὸ σῶρι, λεπτομερέστερον δὲ τὸ μίσυ, μέσην δ' ἀμφοῖν δύναμιν <ἡ> χαλκῖτις ἔχει."
15,1,27,29,1,"καίοντα τὰ τρία καὶ τὰς καλουμένας ἐσχάρας ἐργαζόμενα μετέχει γε μήν, καίτοι καίοντα, στύψεως· ἧττον δ' ἐν τῷ προσφέρεσθαι ταῖς γυμναῖς σαρξὶ δάκνει τὸ μίσυ τῆς χαλκίτιδος, καίτοι γε οὐχ ἧττον αὐτῆς ὂν θερμόν, ἀλλ' ἐκ τῆς κατὰ τὴν οὐσίαν λεπτομερείας ἔχει τοῦτο."
15,1,27,30,1,"Μολύβδαινα λιθαργύρῳ παραπλησίαν ἔχει δύναμιν, ἀποκεχωρηκυῖα βραχύ τι τῆς μέσης κράσεως ἐπὶ τὸ ψυχρότερον, ἀλλ' οὐδὲ ῥυπτικῆς ἐστι δυνάμεως."
15,1,27,31,1,"Μόλυβδος δυνάμεώς ἐστι στυπτικῆς καὶ ψυκτικῆς· ἔχει γὰρ οὐ μόνον ὑγρὰν οὐσίαν πολλὴν ὑπὸ ψύξεως πεπηγυῖαν, ἀλλὰ καὶ ἀερώδη, τῆς γεώδους ὀλίγης μετέχων."
15,1,27,32,1,"ὅτι μὲν οὖν ὑγρὰν οὐσίαν ἔχει πλείστην, σημεῖον τόδε ἐστίν· μόλυβδος μόνος ὧν ἴσμεν αὔξεται καὶ ὄγκῳ καὶ σταθμῷ κατατιθέμενος ἐν οἴκοις καταγείοις ἀέρα θολερὸν ἔχουσιν, ὡς εὐρῶτος πληροῦσθαι ταχέως τὰ κατ' αὐτοὺς κείμενα. καὶ ὁ κεκαυμένος δὲ μόλυβδος, ὅταν πλυθῇ, ψυκτικῆς γίνεται δυνάμεως· πρὶν πλυθῆναι δὲ μικτῆς ἐστι δηλονότι."
15,1,27,33,1,"Ὄστρακον ῥυπτικῆς τε καὶ ξηραντικῆς ἐστι δυνάμεως, μάλιστα δὲ τὸ ἐκ τῶν κλιβάνων τῷ κατωπτῆσθαι."
15,1,27,35,1,"Πομφόλυξ φάρμακόν ἐστιν, εἰ πλυθείη, σχεδὸν ἁπάντων πρῶτον ὅσα ξηραίνειν ἀδήκτως πέφυκεν."
15,1,27,36,1,"ταύτην ἔχων τις οὐκ ἂν δεόντως σποδίῳ χρήσαιτο, μή τοί γε τῷ ἀντισποδίῳ."
15,1,27,37,1,Σανδαράκη καυστικῆς ἐστι δυνάμεως· εἰκότως οὖν ἔν τε ταῖς διαφορητικαῖς αὐτὴν μιγνύουσι καὶ ταῖς ῥυπτικαῖς.
15,1,27,38,1,"Σάνδυξ ὁποίας ἐστὶ δυνάμεως, ἐν τῷ περὶ ψιμυθίου λόγῳ ῥηθήσεται."
15,1,27,39,1,"Σκωρία πᾶσα ξηραντικὸν ἱκανῶς ἐστι φάρμακον, ἡ δὲ τοῦ σιδήρου μάλιστα."
15,1,27,40,1,"τὴν δὲ τοῦ ἀργύρου σκωρίαν ἰδίως προσαγορεύουσιν ἕλκυσμα, τῆς ξηραντικῆς δυνάμεως οὖσαν."
15,1,27,41,1,Στίμμι· πρὸς τῇ κοινῇ δυνάμει τῇ ξηραντικῇ καὶ στῦψιν ἔχει τὸ φάρμακον.
15,1,27,42,1,"Στυπτηρία σφοδροτάτην ἔχει τὴν στῦψιν· παχυμεροῦς δ' οὔσης αὐτῆς, λεπτομερεστέρα πώς ἐστι τῶν ἄλλων στυπτηριῶν ἡ σχιστὴ καλουμένη, μετ' αὐτὴν δ' ἡ στρογγύλη καὶ ἀστραγαλωτή· παχυμερὴς δ' ἱκανῶς ἥ τε ὑγρὰ καὶ ἡ πλακῖτίς τε καὶ ἡ πλινθῖτις ὀνομαζομένη."
15,1,27,43,1,"Τίτανος ἡ μὲν ἄσβεστος καίει σφοδρῶς ὡς ἐσχάραν ποιεῖν, ἡ σβεσθεῖσα δὲ παραχρῆμα μὲν [οὐκ] ἐσχαροῖ, μεθ' ἡμέραν δὲ μίαν ἢ δευτέραν ἧττόν τε καίει καὶ ἧττον ἐσχαροῖ, μετὰ δὲ χρόνον οὐδ' ὅλως ἐσχάραν ἐργάζεται, θερμαίνει δ' ἔτι καὶ διατήκει τὰς σάρκας."
15,1,27,44,1,"εἰ δὲ πλυθείη, τὴν μὲν δῆξιν ἐναποτίθεται τῷ ὕδατι καὶ ποιεῖ τὴν καλουμένην κονίαν· αὕτη δ' ἀδήκτως ξηραίνει, καὶ εἰ δίς γε καὶ τρὶς καὶ πλεονάκις πλυθείη, τελέως ἄδηκτος γίνεται καὶ ξηραίνει γενναίως ἄνευ δήξεως."
15,1,27,45,1,"Χάλκανθος· θαυμαστὸν ἐπὶ τούτου τοῦ φαρμάκου, πῶς ἰσχυροτάτῃ στύψει μέμικται θερμότης οὐκ ἀγεννής· δῆλον οὖν ὅτι ταριχεῦσαι μάλιστα πάντων δύναται τὰς ὑγρὰς σάρκας, ἐκδαπανῶσα μὲν τῇ θερμότητι τὴν ὑγρὰν σάρκα, τῇ στύψει δὲ συνάγουσα καὶ πιλοῦσα τὴν οὐσίαν."
15,1,27,46,1,"Χαλκῖτις μεμιγμένας ἔχει τήν τε στυπτικὴν καὶ δριμεῖαν δύναμιν, ἐπικρατεῖ δ' ἡ δριμεῖα σφοδρά τις οὖσα μέχρι τε τοῦ καίειν τὴν σάρκα καὶ τὴν καλουμένην ἐσχάραν ἐργάζεσθαι. καυθὲν δὲ τὸ φάρμακον δάκνει μὲν ἧττον, ξηραίνει δ' οὐχ ἧττον, ἀποτίθεται δὲ καὶ τῆς στύψεως οὐκ ὀλίγον, ὥστε πάντῃ κρείττων ἐστὶν ἡ κεκαυμένη χαλκῖτις τῆς ἀκαύστου, λεπτομερεστέρα μὲν γινομένη, δριμύτητα δ' οὐ προσλαμβάνουσα, καθάπερ ἄλλα πολλά."
15,1,27,48,1,μεμάθηκας δὲ καὶ ὅτι πάντα τὰ κεκαυμένα πλυνόμενα μετριώτερα καὶ ἀδηκτότερα γίνεται.
15,1,27,49,1,"Χαλκὸς κεκαυμένος ἔχει μέν τι καὶ δριμύ, καὶ στύψεως δὲ μετέχει."
15,1,27,50,1,Χαλκοῦ ἄνθος λεπτομερεστέρας ἐστὶ δυνάμεως τοῦ τε κεκαυμένου χαλκοῦ καὶ τῆς λεπίδος.
15,1,27,51,1,"Χρυσοκόλλα· καὶ τοῦτο φάρμακον ἐκ τῶν τηκόντων σάρκας ἐστίν, οὐ μὴν ἰσχυρῶς γε δάκνει· διαφορητικὸν δ' ἱκανῶς ἐστι καὶ ξηραντικόν."
15,1,27,52,1,"Ψιμύθιον ἐμπλαστικόν τε καὶ ἐμψυκτικόν ἐστι, καιόμενον δ' εἰς τὸν καλούμενον σάνδυκα μεταβάλλει, λεπτομερέστερον ἑαυτοῦ φάρμακον, οὐ μὴν ἤδη γέ πω θερμαῖνον."
15,1,27,53,1,"τὸ δέ γε φῦκος τὴν ψῦξιν τοῦ ψιμυθίου φυλάττον, λεπτομέρειαν προσείληφεν, ὡς δύνασθαι δι' αὐτῆς εἰς τὸ βάθος καταδύεσθαι τῶν ὁμιλούντων σωμάτων τὴν δύναμιν αὐτοῦ."
15,1,27,54,1,Ψωρικὸν ξηραντικώτερόν τε ἅμα καὶ ἀδηκτότερόν ἐστι χαλκίτεως καὶ δηλονότι καὶ λεπτομερέστερον.
15,2,1,,1,"Γάλα τὸ ὑγιεινότατον τὸ μήτε πικρότητος μήτε ὀξύτητος μήτε ἁλυκότητος μήτε δριμύτητος μήτε δυσωδίας μετέχον ἡδύ τε καὶ βραχεῖαν ἔχον γλυκύτητα πρὸς τὰ δριμέα καὶ δάκνοντα ῥεύματα συμφορώτατόν ἐστιν, οὐ μόνον ἀποπλῦνον αὐτά, ἀλλὰ καὶ περιπλαττόμενον τοῖς σώμασιν, ὡς μὴ γυμνοῖς αὐτοῖς προσπίπτειν τὸ ἐπιρρέον."
15,2,2,,1,"σύγκειται γὰρ ἐκ τρ<ιῶν οὐσιῶν> σύμπαν γάλα, <ὀρώδους>, τυρώδους, λιπαρᾶς."
15,2,3,,1,"Ὁ μὲν οὖν ὀρὸς ῥυπτικὴν ἔχει δύναμιν, <ὅθεν περιρ>ρύπτει τε καὶ <περιπλύνει> τὰς δριμύτητας ἀδήκτως· τὸ δὲ τυρῶδες καὶ παχὺ τοῦ γάλακτος ἐμπλάττεται καὶ κατὰ τοῦτο τὰς δριμύτητας ἀμβλύνει."
15,2,4,,1,"τὸ δ' ὅλον, ἁπλῶς ὡς εἰπεῖν, γάλα παρηγορικόν ἐστι φάρμακον, ἄδηκτον μὲν ἔχον καὶ τὴν ὅλην οὐσίαν, πολὺ δὲ μᾶλλον, ὅταν ἐκδαπανήσωμεν αὐτῆς ἑψήσει μετρίᾳ τὸ πλέον τῆς ὀρώδους ὑγρότητος."
15,2,5,,1,"Τῷ περὶ γάλακτος δὲ λόγῳ καὶ περὶ τοῦ τυροῦ προσθεῖναι χρή, διότι γάλα πεπηγός ἐστιν."
15,2,6,,1,"οὐ μὴν οὐσία πᾶσα τοῦ γάλακτος πήγνυται κατὰ τοὺς τυρούς, ἀλλὰ τὸ παχὺ μόνον, ἀποκρινομένου καὶ χωριζομένου τοῦ λεπτοῦ καὶ ὀρώδους."
15,2,7,,1,"ἀποκρουστικὴν μὲν οὖν ὁ μαλακός τε καὶ νεοπαγὴς τυρὸς ἔχει δύναμιν ἐμψύχων ἀτρέμα, ὁ δ' ὀξυγαλάκτινος πρὸς ταύτῃ καὶ διαφορητικὴν ἐπικτᾶται βραχεῖαν."
15,2,8,,1,"Βούτυρον <γίνεται> μὲν <ἐκ τοῦ λιπαρωτά>του κα<τὰ τὸ γάλα, ....> φησι Διοσκου<ρίδης ἐκ τοῦ> προβατείου, ἀλ<λὰ γίνεται καὶ ἐκ τοῦ βοεί>ου, πεπτικῆς <τέ> ἐστι, δυνάμεως, ἔχον ὀλίγον τι τῆς διαφορητικῆς ἐπί γε τῶν μέσων κατὰ μαλακότητα καὶ σκληρότητα σωμάτων. – Πυτία πᾶσα δριμείας ἐστὶ καὶ λεπτυντικῆς καὶ διαφορητικῆς δυνάμεως, καὶ δηλονότι καὶ ξηραντικῆς· ἕπεται γὰρ τοῖς εἰρημένοις ἐξ ἀνάγκης τοῦτο."
15,2,10,,1,Χολή· οὗτος ὁ χυμὸς ἀποδέδεικται θερμότατος εἶναι τῶν ἄλλων χυμῶν.
15,2,11,,1,"ἐν μὲν οὖν τοῖς θερμοτάτοις ἀναγκαῖόν ἐστι καὶ τὴν χολὴν ὑπὲρ τὰς τῶν ἄλλων ζῴων εἶναι χολάς, ἐν δὲ τοῖς ἧττον ἐκείνων θερμοῖς ἀνάλογον ἀπολείπεσθαι κατὰ τὸν χυμὸν τοῦτον, ὅσον ἀπολείπεται καὶ τοῖς ἄλλοις."
15,2,12,,1,"φαίνεται δ' ἡ χολὴ τοῖς μὲν μᾶλλον θερμοῖς ζῴοις ξανθή, τοῖς δ' ἧττον ὠχρά· μιγνυμένης γὰρ ὀρώδους ὑγρότητος τῇ ξανθῇ, τὴν ὠχρὰν συμβαίνει γίνεσθαι. καὶ ὅταν γε τὰ θερμὰ ζῷα πεινήσαντα τύχῃ καὶ διψήσαντα, πρὸς τὸ μέλαν ἐκτρέπεται χρῶμα, ποτὲ μὲν ἰῶδες ἔχουσα τοῦτο, ποτὲ δὲ κυανοῦν, ἐνίοτε δὲ τὸ τῆς ἰσάτιδος, ὅπερ ἐστὶ φαιότερον τοῦ τῆς κράμβης."
15,2,14,,1,"πρόσεχε τοίνυν καὶ σὺ τῷ χρώματι τῆς χολῆς, ὅταν σκευάζῃς φάρμακον, ἐν ᾧ καὶ χολῆς τι περιέχεται."
15,2,15,,1,"γίνωσκε τοίνυν, ἐὰν μὲν ξανθὴν ἱκανῶς ἐμβάλῃς χολὴν τῷ σκευαζομένῳ φαρμάκῳ, θερμότερον αὐτὸ ποιήσων· ἐὰν δ' ὠχράν, μετρίως θερμόν."
15,2,16,,1,"καί τινων ταύρων ἐθεασάμην χολὴν κυανῆν, ὑπεροπτηθείσης τῆς ξανθῆς, ἣν οὐκ ἠξίωσα βαλεῖν εἰς τὸ σκευαζόμενον φάρμακον, ἀλλ' ἑτέρου ταύρου τὴν μετρίως ξανθὴν εἱλόμην· ὑπερεπεπονήκει γὰρ ὁ ταῦρος ἐκεῖνος βιαίως ἑλκόμενος καὶ θερμοτέραν ἐσχήκει τὴν κρᾶσιν."
15,2,17,,1,"εἰσὶ δὲ καὶ αἱ τῶν πτηνῶν ζῴων χολαὶ πᾶσαι δριμύτεραι τε καὶ ξηραντικώτεραι τῶν ἐν τοῖς τετράποσι, τῶν δὲ πτηνῶν αὐτῶν αἵ τε τῶν ἀλεκτορίδων καὶ τῶν περδίκων ἀμείνους εἰς ἰατρικὴν χρείαν, αἱ δὲ τῶν ἱεράκων καὶ ἀετῶν δριμεῖαι δεινῶς εἰσι καὶ διαβρωτικαί· διὸ καὶ ἰώδεις φαίνονται κατὰ τὴν χρόαν, ἐνίοτε δὲ καὶ μέλαιναι. ταύτας οὖν αὐτῶν ἐπιστάμενος τὰς διαφοράς, ἐπιστάμενος δὲ καὶ τῶν παθῶν τίνα μὲν μᾶλλον δεῖται ξηραίνεσθαι, τίνα δ' ἧττον, ἐὰν μιᾶς ἡστι<νοσοῦν χολῆς ἀπὸ τῶν ἔργων πειραθῇς, ἀπ'> ἐκείνης εἰς τὰς ἄλλας μεταβαίνειν δυνήσει κατὰ μέθοδον, ὥστε ἀ<εὶ τὴν> ἁρμόττουσαν τῷ <πάθει> παραλαμβάνειν."
15,2,19,,1,Ἱδρὼς τῆς ἁλμυρᾶς τε καὶ ἁλυκῆς ὀνομαζομένης μετέχει ποιότητος· πολλάκις δ' αὐτῷ καὶ πικρότης συνεμφαίνεται.
15,2,20,,1,Οὖρον θερμὸν μὲν πάντων τῶν ζῴων ἐστίν· ἧττον δὲ τὸ τῶν ψυχροτέρων.
15,2,21,,1,"ἀνθρώπων δ' οὖρον ἁπάντων τῶν ἄλλων σχεδὸν οὔρων ἐστὶν ἀσθενέστερον, ὅτι μὴ τῶν ἡμέρων ὑῶν, ὧν ἐκτέμνουσι τοὺς ὄρχεις· ἐκείνων γὰρ ἥ τε κρᾶσις ὅλου τοῦ σώματος ὁμοία τῇ τῶν ἀνθρώπων ἐστί, τό τε οὖρον ὡσαύτως ἀσθενές."
15,2,22,,1,"ῥυπτικῆς δὲ δυνάμεως, εἴπερ τι καὶ ἄλλο, τὸ τῶν ἀνθρώπων ἐστὶν οὖρον, ὡς δηλοῦσι καὶ οἱ κναφεῖς, τὰ ῥυπαρὰ τῶν ἀμφιεσμάτων ἐκκαθαίροντές τε καὶ ἀπορρύπτοντες αὐτῷ."
15,2,23,,1,"Σίαλον ἀσθενέστερον μέν ἐστι τὸ <τῶν ἐδηδοκότων> καὶ πεπ<ωκότων, ἰσχυρὸν> δὲ κ<αὶ δριμὺ τὸ τῶν ὑπερ>διψησάν<των καὶ ὑπερπεινησάν>των."
15,2,24,,1,"<καθ' ὅλην δὲ τὴν> οὐσίαν <τὸ πτύελον ἐνα>ντιώτατό<ν ἐστι τοῖς> ἀναιροῦσιν ἀνθρώ<πους> θηρίοις· <ἐθεασάμην γοῦν ἐπὶ τῷ σιάλῳ μόνῳ σκορ>πίον κατα<πτύσαντος> καὶ ἀποθανόντα, καὶ τοῦτο αὐτὸ <πάσχοντα> ταχέως μὲν <ἐπὶ τοῦ> τῶν διψώντων τε καὶ πεινώντων πτ<υέλου, β>ραδέως δ' ἐπὶ τῶν ἐμπεπλησμένων βρωμάτων τε καὶ πομάτων."
15,2,25,,1,Κόπρος πᾶσα διαφορητικωτάτην ἔχει δύναμιν.
15,2,26,,1,"τινὲς μὲν οὖν πάνυ συνεχῆ τὴν χρῆσιν ἔχουσι, τινὲς δὲ σπανιωτέραν."
15,2,27,,1,"συνεχέστατα μὲν οὖν χρώμεθα ταῖς τῶν αἰγῶν κόπροις (σπύραθοι δ' ἰδίως ὀνομάζονται), δριμείας καὶ διαφορητικῆς οὖσαι δυνάμεως, ὡς καὶ τοῖς σκιρρουμένοις ὄγκοις ἁρμόττειν."
15,2,28,,1,"καὶ μέντοι <καὶ> καυθεῖσα λεπτομερεστέρα μέν, οὐ μὴν δριμυτέρα γε σαφῶς γίνεται."
15,2,29,,1,"ἔστι δ' ἡ δύναμις αὐτῆς ἀκαύστου τε καὶ κεκαυμένης ῥυπτική τε καὶ διαφορητική, καὶ οὐδὲ βραχὺ τὸ διαφορητικὸν ἔχει."
15,2,30,,1,"τὴν μὲν οὖν καθόλου καὶ κοινὴν δύναμιν <ἁπάσαις εἶναι τὴν αὐτὴν ἀκ>ούει<ν> ..νω.. <ἐξ>ηλλά<χθαι δὲ κατὰ τὰς> τῶν ζῴων <κράσεις· τῶν μ>ὲν γὰρ ξηρ<οτέρων τῇ κρ>άσει ζῴων καὶ <ἡ κόπρος> ἐστὶ ξηραντικωτέρα, καθάπερ γε καὶ τῶν θερμοτέρων θερμαντικωτέρα· ψύχει δ' οὐδεμία, καθάπερ οὐδὲ ὑγραίνει."
15,2,31,,1,"πολλὴ δ' ἂν εἴη καὶ παρὰ τὴν τῶν ἐδηδεσμένων αὐτοῖς φύσιν ἡ διαφορά, καὶ διὰ τοῦτο ἐπ' ἀνθρώπου μᾶλλον ἢ τῶν ἄλλων ζῴων μείζων ἐστίν, ὅτι ποικιλωτάταις τροφαῖς χρῆται τὸ ζῷον· τί γὰρ ὅμοιον ἔχει σκόροδά τε καὶ κρόμμυα φαγόντος ἢ κολοκύνθας, εἰ οὕτως ἔτυχεν; αἱ δὲ τῶν βοῶν κόπροι μετὰ τῆς ξηραντικῆς δυνάμεως ἔχουσι καὶ τὴν ἑλκτικήν."
15,2,33,,1,"ἡ δὲ τῶν κροκοδείλων κόπρος καὶ ἡ τῶν ψάρων, ὅταν ὄρυζαν μόνην ἐσθίωσι, ῥυπτικὴν καὶ ξηραντικὴν ἔχουσι δύναμιν, μετρίαν μὲν ἑκατέρα, καὶ πολὺ μετριωτέραν καὶ ἀμυδροτέραν αἱ τῶν ψάρων."
15,2,34,,1,"Ῥύπος ὁ τῶν ἀνθρώπων ξηραντικῆς ἐστι δυνάμεως, ἔχων τι καὶ θερμότητος· ὅ γε μὴν ἐπιτρεφόμενος τοῖς τῶν προβάτων ἐρίοις ῥύπος, ἐξ οὗ τὸν καλούμενον οἴσυπον ποιοῦσι, πεπτικῆς ἐστι δυνάμεως παραπλησίως τῷ βουτύρῳ, βραχὺ δέ τι διαφορητικὸν ἔχει."
15,2,35,,1,"Σάρκες ἐχιδνῶν διαφορητικήν τε καὶ ξηραντικὴν ἱκανῶς ἔχουσι δύναμιν ἅμα τῷ θερμαίνειν μετρίως· ἐπείγεται δέ, ὡς ἔοικεν, ἡ δύναμις αὐτῶν ἐπὶ τὸ δέρμα, διὰ τούτου κενοῦσα τὰ κατὰ τὸ σῶμα περιττώματα."
15,2,36,,1,"φθειρῶν τε γοῦν οὐκ ὀλίγον πλῆθος γεννᾶται τοῖς ἔχουσι κακοχυμίαν ἐν τοῖς σώμασι δαψιλῆ, καὶ τοῦ δέρματος ἀφίσταταί τε καὶ ἀποπίπτει καθάπερ τις λοπὸς ἡ ἐπιδερμὶς ὀνομαζομένη, καθ' ἣν ἴσχονται μᾶλλον τῶν εἰς τὸ δέρμα φερομένων χυμῶν οἱ παχεῖς καὶ γεώδεις, ὑφ' ὧν αἵ τε ψῶραι καὶ αἱ λέπραι καὶ ἐλεφαντιάσεις γίνονται."
15,2,37,,1,"Κοχλιῶν ἡ σὰρξ κοπεῖσα πρότερον ἐν ὅλμῳ καὶ μετὰ ταῦτα λειωθεῖσα ξηραντικωτάτη γίνεται πάντων τῶν ὑγρότητα περιττὴν ἐχόντων μορίων, ὥστε καὶ τοῖς ὑδερικοῖς ἁρμόττειν."
15,2,38,,1,"Πιμελῆς δὲ στέαρ διαφέρει τῷ πάχει· διὸ καὶ τοῖς γεωδεστέραν ἔχουσι τὴν ὅλην φύσιν ζῴοις τὸ στέαρ γίνεται, καθάπερ τοῖς ὑγροτέραν ἡ πιμελή."
15,2,39,,1,"διὰ τοῦτο τοιγαροῦν ἡ μὲν πιμελὴ τήκεται ῥᾳδίως ὑπὸ τοῦ πυρός, οὐ ῥᾳδίως δὲ πήγνυται τακεῖσα, τὸ δὲ στέαρ οὔτε τήκεται ῥᾳδίως, κἂν τακῇ, πήγνυται <τάχιστα καὶ> φαίνεται <πολὺ> σκληρότερον τῆς πιμελῆς."
15,2,40,,1,"ὗς μὲν οὖν εὐτροφῶν πιμελὴν πλείστην ἔχει διὰ τὴν <φυσικὴν> τῆς κράσεως ὑγρό<τητα, β>όες δὲ καὶ αἶγες ὅσα τἄλλα κερασφόρα διὰ τὴν ξηρότητα τὸ στ<έαρ πλεῖς>τον γεννᾷ."
15,2,41,,1,"σὺ δ' εἰ βούλει, τὴν ἐλαιώδη καὶ λιπαρὰν οὐσίαν ἅπασαν ἐν τοῖς ζῴοις κάλει στέαρ ὥ<σπερ> οἱ πλεῖστοι τῶν ἰατρῶν· ἔξεστι <δέ> σοι καὶ πιμελὴν ὁμοίως."
15,2,42,,1,"ὑγρότατόν ἐστι τὸ στέαρ τῶν ὑῶν σχεδὸν ἁπάντων τῶν ἄλλων καὶ διὰ τοῦτο κατὰ τὴν ἐνέργειαν ἐγγὺς ἐλαίου τὴν δύναμιν, μαλακτικώτερόν γε μὴν ἐλαίου καὶ πεπτικώτερόν ἐστι καὶ διὰ τοῦτο τοῖς πρὸς φλεγμονὴν ἁρμόττουσι καταπλάσμασι μίγνυται· τοῖς δὲ δακνομένοις κατὰ τὸ ἀπευθυσμένον ἢ τὸ κῶλον ἐνίεμεν αἴγειον μᾶλλον ἢ ὕειον <στέαρ>, οὐ<χ ὅτι μᾶλλον ἀμβλυν>τι<κόν ἐστι δριμύτητος>, ἀλλ' ὅ<τι τὸ μὲν αἴγειον> πήγνυ<ται ῥᾳδίως διὰ> παχυ<μέρειαν, ἀπορρεῖ δὲ τὸ ὕειον ὁμοίως τῷ ἐλαίῳ, διὰ τοῦτο ἐνίεμεν αὐτὸ μᾶλλον ἐπὶ τῶν δυσεντερικῶν τε> καὶ τεινε<σμωδῶν. καὶ διὰ λεπτομέρεια>ν δ' ἔνια μᾶλλον <ἀμβλύν>ει δριμύ<τητας, ὅταν ἐν τῷ βάθ>ει τῶν <δακνομένων> σωμάτων <τὸ λυποῦν ᾖ>· ὅλα γὰρ <διεξέρχεται τὰ> σώματ<α καὶ πᾶσι κ>εράν<νυται τοῖς δάκν>ουσιν <ἰχῶρσιν αὐτό. κατὰ τοῦ>το γοῦν <καὶ τὸ χήνειον> στέαρ τὰ <κατὰ> βάθος τῶν σωμάτων <δάκ>νοντα μᾶλλον ἀμβλύνει· ἔστι δὲ <καὶ> θερμότερον τοῦ ὑείου ..... μεταξύ γε μὴν αὐτῶν <ἐστι τὸ> τῶν ἀλεκτρυόνων καὶ τὸ τῶν ἀλεκτορίδων."
15,2,46,,1,"θερμότερον δ' ἀεὶ <καὶ ξηρό>τερον τὸ τῶν <ἀρ>ρ<ένων> ζῴων ἐστίν, αὐτῶν δὲ τούτων τὸ τῶν <ἐκ>τετμημένων ἧττον θερμόν τε καὶ ξηρόν ἐστιν· ὁμοιοῦται γὰρ ἀεὶ τὰ εὐνουχισμένα ἄρ<ρενα> τοῖς ὁμογενέσι θήλεσιν."
15,2,47,,1,"<ἁπάσης μὲν οὖν> πιμελῆς <δύναμίς ἐς>τιν ὑγραντική <τε καὶ> θερμαντικὴ τῶν ἀνθρωπίνων σωμάτων· αἱ δὲ καθ' ἑκάστην αὐτῶν διαφοραὶ <κα>τὰ τὸ μᾶλλόν τε καὶ ἧττον ...... εἰσιν· τοῦ μὲν <γὰρ ὑὸς ὡς πρὸς> ἡμᾶς ἡ <πιμελὴ τὸ μὲν ὑγ>ραί<νειν ἔχει δαψιλῶς>, τὸ ......... θερ<μαίνειν δ' οὐχ ὁμοίως> ὥς<περ τὸ ἔλα>ιον· <ἀλλ' ἔστι κατὰ τὴν ἐν ἡ>μῖν θ<ερμότητα καὶ> ἡ τοῦ λίπο<υς τῶν ὑῶν."
15,2,"48,49",,1,"ἡ δὲ τ>ῶν τα<ύρων> πολὺ θερμοτέρα τῆς τῶν ὑῶν ἐστιν. τὸ δὲ μόσχειον στέαρ ἀπολείπεται τοῦ τῶν ταύρων θερμότητι καὶ ξηρότητι, καὶ τὸ τῶν ἐρίφων τοῦ τῶν αἰγῶν, τοῦτο δὲ τοῦ τῶν τράγων, αὐτὸ δὲ πάλιν τὸ τῶν ταύρων τοῦ τῶν λεόντων· διαφορητικώτατον γὰρ ἐκεῖνο σχεδὸν ἁπάντων τῶν ἐν τοῖς τετράποσιν· καὶ γὰρ θερμότατόν ἐστι καὶ λεπτομερέστατον."
15,2,50,,1,"χρονίζον δ' ἅπαν στέαρ ἑαυτοῦ γίνεται θερμότερόν τε καὶ λεπτομερέστερον, ὥστε καὶ διαφορητικώτερον."
15,2,51,,1,"Μυελὸς μαλακτικῆς τῶν σκληρυνομένων τε καὶ σκιρρουμένων σωμάτων ἐστὶ δυνάμεως, εἴτε μύες, εἴτε τένοντες, εἴτε καὶ σπλάγχνα."
15,2,52,,1,"καλλίστου δ' ἐπειράθην ἀεὶ τοῦ τῶν ἐλάφων, ἐφεξῆς δὲ τοῦ τῶν μόσχων· ὁ δὲ τῶν ταύρων καὶ τράγων δριμύτερός ἐστι καὶ ξηραντικώτερος, ὥστε οὐ δύναται διαλύειν σκληρότητας σκιρρώδεις."
15,2,53,,1,"λαμβάνεται δ' οὐ μόνον ὀστῶν μυελός, ὅσπερ δὴ καὶ ὄντως ἐστὶ μυελός, ἀλλὰ καὶ ὁ ἐκ τῆς ῥάχεως, ὃν καὶ αὐτὸν ὀνομάζουσι μυελὸν <νωτιαῖον, ὄντα σκληρό>τερόν τε <καὶ αὐχμηρό>τερον τοῦ λοιποῦ· <μαλα>κώτερος γάρ ἐστιν ἐκεῖνος καὶ λιπαρώτερος, καὶ διὰ τοῦτο ἐγὼ τὸν ἐκ τῆς ῥάχεως ἰδίᾳ καθ' ἑαυτὸν ἄνευ τούτου κατατίθεμαι."
15,2,54,,1,"Μαινίδων κεφαλῶν κεκαυμένων ἔοικε ξηραντική τις ἡ δύναμις εἶναι μὴ πάνυ δριμεῖα· τοῦτο γὰρ ἐνίοις ὑπάρχει τῶν κεκαυμένων, ὡς τό γε ξηραίνειν κοινὸν ἅπασιν."
15,2,55,,1,Κέρας ἐλάφου καὶ αἰγὸς κεκαυμένον καὶ πεπλυμένον ξηραντικῆς δυνάμεώς ἐστιν.
15,2,"56,57",,1,"Καστόρειον ξηραίνει καὶ θερμαίνει καὶ διαφορεῖ. τοῦτο μὲν οὖν αὐτῷ κοινὸν καὶ πρὸς ἄλλα φάρμακα πάμπολλά ἐστιν· λεπτομερὲς δ' ἱκανῶς ὑπάρχει καὶ κατὰ τοῦτο πλέον ἑτέρων δύναται θερμαινόντων τε καὶ ξηραινόντων ὁμοίως αὐτῷ· τὰ γὰρ λεπτομερῆ δραστικώτερα τῶν παχυμερῶν ἐστι, κἂν ἴσην ἔχῃ τὴν δύναμιν, ἐκ τοῦ διεξέρχεσθαι καὶ κατὰ βάθους ἰέναι τῶν ὁμιλούντων σωμάτων, καὶ μάλιστα ὅταν ᾖ ταῦτα πυκνά, καθάπερ τὰ νευρώδη."
15,2,58,,1,φανερῶς γοῦν .............. ..........................................................
15,2,59,,1,".......................................................... .......................................................... ............................................ <ἠπεπ>τηκό<των ζῴων ἢ ὑπερπεπεινηκότων ἢ ὑπερδεδ>ιψηκό<των ἢ> μοχθηροῖς ἐδέσμασι χρησαμένων· τὰ δ' ὠὰ μίαν μόνην ἐπιδέχεται μοχθηρίαν τὴν ἐκ τῆς παλαιότητος, ἣν ῥᾷστον φυλάττεσθαι τὸν προσφάτοις χρώμενον."
15,2,60,,1,"ἔστι δὲ συνηθέστατον ἡμῖν εὐποριστότατόν τε τὸ τῶν ἀλεκτορίδων, καὶ διὰ τοῦτο αὐτῷ χρώμεθα μὴ δεόμενοι τῶν ἄλλων, καίτοι τὴν αὐτὴν ἐχόντων φύσιν· τῇ κράσει δ' ἐστὶ ψυχρότερον ὀλίγῳ τοῦ συμμέτρου."
15,2,61,,1,"ἔστι δὲ καὶ ἡ λέκιθος τῶν ὠῶν ὁμοίας φύσεως, καὶ διὰ τοῦτο μίγνυται τοῖς ἀδήκτοις, ἑψηθέντων ἢ ὀπτηθέντων τῶν ὠῶν."
15,2,62,,1,"εὔδηλον δ' ὅτι διοίσουσιν ἀλλήλων αὗται βραχεῖαν διαφορὰν διὰ τὸ ξηραντικωτέραν μὲν ἠρέμα γίνεσθαι τὴν ὀπτήν, ὅσον δὲ προσέλαβε τῆς δυνάμεως ταύτης, τοσοῦτον ἀπολλύναι τοῦ παρηγορικοῦ."
15,2,63,,1,ἐμψύχει δὲ μετρίως τὸ ὠὸν καὶ ἀδήκτως ξηραίνει.
15,2,64,,1,"Ἐχίνων ἀμφοτέρων, τοῦ τε θαλασσίου καὶ τοῦ χερσαίου, τὸ σῶμα πᾶν καιόμενον ἐργάζεται τέφραν ῥυπτικῆς τε καὶ διαφορητικῆς <καὶ καθαιρετικῆς> δυνάμεως."
15,2,65,,1,"Κοχλίων κεκαυμένων ἡ τέφρα ξηραντικῆς ἱκανῶς ἐστι δυνάμεως, ἐχούσης τι διὰ τὴν καῦσιν καὶ θερμόν. καὶ ἄκαυστοι δὲ ξηραίνουσιν ἱκανῶς. – Καρκίνων τῶν ποταμίων καυθέντων ἡ τέφρα παραπλησίως τοῖς εἰρημένοις ξηραντικὴν ἔχει δύναμιν."
15,2,68,,1,"Ἀλεκτορίδων ἁπλοῦς ζωμὸς ἐπικρατητικῆς ἐστι δυνάμεως, ὥσπερ ὁ τῶν παλαιῶν ἀλεκτρυόνων ὑπακτικῆς· ἑψεῖν δ' αὐτοὺς χρὴ μεθ' ἁλῶν ἐπὶ πλεῖστον."
15,2,69,,1,"Ἀδάρκιον δριμύτατόν ἐστι καὶ θερμαντικώτατον· διὸ καὶ καθ' αὑτὸ μὲν ἄχρηστόν ἐστι, μίγνυται δὲ τοῖς ἀμβλύνουσι τὴν δύναμιν αὐτοῦ, καὶ οὕτως γίνεται πολύχρηστον ἐπὶ τῶν θερμανθῆναι δεομένων διαθέσεων ἔξωθεν προσαγόμενον· εἴσω γὰρ τοῦ σώματος οὐχ οἷόν τε λαβεῖν αὐτὸ διὰ τὸ σφοδρὸν τῆς δυνάμεως."
15,2,70,,1,"Ἀλκυόνια ῥύπτει μὲν πάντα καὶ διαφορεῖ, δριμεῖαν ἔχοντα ποιότητα καὶ θερμὴν δύναμιν, ἀλλὰ τὸ μᾶλλόν τε καὶ ἧττον ἐν αὐτοῖς ἐστιν ................................. ........................................................."
